date,venue,raceNumber,CS_ST_1_1,CS_ST_1_2,CS_ST_1_3,CS_ST_1_4,CS_ST_1_5,CS_ST_1_6,CS_ST_1_7,CS_ST_1_8,CS_ST_1_9,CS_ST_2_1,CS_ST_2_2,CS_ST_2_3,CS_ST_2_4,CS_ST_2_5,CS_ST_2_6,CS_ST_2_7,CS_ST_2_8,CS_ST_2_9,CS_ST_3_1,CS_ST_3_2,CS_ST_3_3,CS_ST_3_4,CS_ST_3_5,CS_ST_3_6,CS_ST_3_7,CS_ST_3_8,CS_ST_3_9,CS_ST_4_1,CS_ST_4_2,CS_ST_4_3,CS_ST_4_4,CS_ST_4_5,CS_ST_4_6,CS_ST_4_7,CS_ST_4_8,CS_ST_4_9,CS_ST_5_1,CS_ST_5_2,CS_ST_5_3,CS_ST_5_4,CS_ST_5_5,CS_ST_5_6,CS_ST_5_7,CS_ST_5_8,CS_ST_5_9,CS_ST_6_1,CS_ST_6_2,CS_ST_6_3,CS_ST_6_4,CS_ST_6_5,CS_ST_6_6,CS_ST_6_7,CS_ST_6_8,CS_ST_6_9,CS_cource_1_1,CS_cource_1_2,CS_cource_1_3,CS_cource_1_4,CS_cource_1_5,CS_cource_1_6,CS_cource_1_7,CS_cource_1_8,CS_cource_1_9,CS_cource_2_1,CS_cource_2_2,CS_cource_2_3,CS_cource_2_4,CS_cource_2_5,CS_cource_2_6,CS_cource_2_7,CS_cource_2_8,CS_cource_2_9,CS_cource_3_1,CS_cource_3_2,CS_cource_3_3,CS_cource_3_4,CS_cource_3_5,CS_cource_3_6,CS_cource_3_7,CS_cource_3_8,CS_cource_3_9,CS_cource_4_1,CS_cource_4_2,CS_cource_4_3,CS_cource_4_4,CS_cource_4_5,CS_cource_4_6,CS_cource_4_7,CS_cource_4_8,CS_cource_4_9,CS_cource_5_1,CS_cource_5_2,CS_cource_5_3,CS_cource_5_4,CS_cource_5_5,CS_cource_5_6,CS_cource_5_7,CS_cource_5_8,CS_cource_5_9,CS_cource_6_1,CS_cource_6_2,CS_cource_6_3,CS_cource_6_4,CS_cource_6_5,CS_cource_6_6,CS_cource_6_7,CS_cource_6_8,CS_cource_6_9,CS_frame_1_1,CS_frame_1_2,CS_frame_1_3,CS_frame_1_4,CS_frame_1_5,CS_frame_1_6,CS_frame_1_7,CS_frame_1_8,CS_frame_1_9,CS_frame_2_1,CS_frame_2_2,CS_frame_2_3,CS_frame_2_4,CS_frame_2_5,CS_frame_2_6,CS_frame_2_7,CS_frame_2_8,CS_frame_2_9,CS_frame_3_1,CS_frame_3_2,CS_frame_3_3,CS_frame_3_4,CS_frame_3_5,CS_frame_3_6,CS_frame_3_7,CS_frame_3_8,CS_frame_3_9,CS_frame_4_1,CS_frame_4_2,CS_frame_4_3,CS_frame_4_4,CS_frame_4_5,CS_frame_4_6,CS_frame_4_7,CS_frame_4_8,CS_frame_4_9,CS_frame_5_1,CS_frame_5_2,CS_frame_5_3,CS_frame_5_4,CS_frame_5_5,CS_frame_5_6,CS_frame_5_7,CS_frame_5_8,CS_frame_5_9,CS_frame_6_1,CS_frame_6_2,CS_frame_6_3,CS_frame_6_4,CS_frame_6_5,CS_frame_6_6,CS_frame_6_7,CS_frame_6_8,CS_frame_6_9,CS_race_1_1,CS_race_1_2,CS_race_1_3,CS_race_1_4,CS_race_1_5,CS_race_1_6,CS_race_1_7,CS_race_1_8,CS_race_1_9,CS_race_2_1,CS_race_2_2,CS_race_2_3,CS_race_2_4,CS_race_2_5,CS_race_2_6,CS_race_2_7,CS_race_2_8,CS_race_2_9,CS_race_3_1,CS_race_3_2,CS_race_3_3,CS_race_3_4,CS_race_3_5,CS_race_3_6,CS_race_3_7,CS_race_3_8,CS_race_3_9,CS_race_4_1,CS_race_4_2,CS_race_4_3,CS_race_4_4,CS_race_4_5,CS_race_4_6,CS_race_4_7,CS_race_4_8,CS_race_4_9,CS_race_5_1,CS_race_5_2,CS_race_5_3,CS_race_5_4,CS_race_5_5,CS_race_5_6,CS_race_5_7,CS_race_5_8,CS_race_5_9,CS_race_6_1,CS_race_6_2,CS_race_6_3,CS_race_6_4,CS_race_6_5,CS_race_6_6,CS_race_6_7,CS_race_6_8,CS_race_6_9,CS_rank_1_1,CS_rank_1_2,CS_rank_1_3,CS_rank_1_4,CS_rank_1_5,CS_rank_1_6,CS_rank_1_7,CS_rank_1_8,CS_rank_1_9,CS_rank_2_1,CS_rank_2_2,CS_rank_2_3,CS_rank_2_4,CS_rank_2_5,CS_rank_2_6,CS_rank_2_7,CS_rank_2_8,CS_rank_2_9,CS_rank_3_1,CS_rank_3_2,CS_rank_3_3,CS_rank_3_4,CS_rank_3_5,CS_rank_3_6,CS_rank_3_7,CS_rank_3_8,CS_rank_3_9,CS_rank_4_1,CS_rank_4_2,CS_rank_4_3,CS_rank_4_4,CS_rank_4_5,CS_rank_4_6,CS_rank_4_7,CS_rank_4_8,CS_rank_4_9,CS_rank_5_1,CS_rank_5_2,CS_rank_5_3,CS_rank_5_4,CS_rank_5_5,CS_rank_5_6,CS_rank_5_7,CS_rank_5_8,CS_rank_5_9,CS_rank_6_1,CS_rank_6_2,CS_rank_6_3,CS_rank_6_4,CS_rank_6_5,CS_rank_6_6,CS_rank_6_7,CS_rank_6_8,CS_rank_6_9,ave_start_time_1,ave_start_time_2,ave_start_time_3,ave_start_time_4,ave_start_time_5,ave_start_time_6,boatNo_1,boatNo_2,boatNo_3,boatNo_4,boatNo_5,boatNo_6,boat_place2Ratio_1,boat_place2Ratio_2,boat_place2Ratio_3,boat_place2Ratio_4,boat_place2Ratio_5,boat_place2Ratio_6,boat_place3Ratio_1,boat_place3Ratio_2,boat_place3Ratio_3,boat_place3Ratio_4,boat_place3Ratio_5,boat_place3Ratio_6,motorNo_1,motorNo_2,motorNo_3,motorNo_4,motorNo_5,motorNo_6,motor_place2Ratio_1,motor_place2Ratio_2,motor_place2Ratio_3,motor_place2Ratio_4,motor_place2Ratio_5,motor_place2Ratio_6,motor_place3Ratio_1,motor_place3Ratio_2,motor_place3Ratio_3,motor_place3Ratio_4,motor_place3Ratio_5,motor_place3Ratio_6,num_false_start_1,num_false_start_2,num_false_start_3,num_false_start_4,num_false_start_5,num_false_start_6,num_late_start_1,num_late_start_2,num_late_start_3,num_late_start_4,num_late_start_5,num_late_start_6,place2Ratio_local_1,place2Ratio_local_2,place2Ratio_local_3,place2Ratio_local_4,place2Ratio_local_5,place2Ratio_local_6,place2Ratio_national_1,place2Ratio_national_2,place2Ratio_national_3,place2Ratio_national_4,place2Ratio_national_5,place2Ratio_national_6,place3Ratio_local_1,place3Ratio_local_2,place3Ratio_local_3,place3Ratio_local_4,place3Ratio_local_5,place3Ratio_local_6,place3Ratio_national_1,place3Ratio_national_2,place3Ratio_national_3,place3Ratio_national_4,place3Ratio_national_5,place3Ratio_national_6,racer_1,racer_2,racer_3,racer_4,racer_5,racer_6,racer_id_1,racer_id_2,racer_id_3,racer_id_4,racer_id_5,racer_id_6,win_rate_local_1,win_rate_local_2,win_rate_local_3,win_rate_local_4,win_rate_local_5,win_rate_local_6,win_rate_national_1,win_rate_national_2,win_rate_national_3,win_rate_national_4,win_rate_national_5,win_rate_national_6
2019-04-01,戸　田,1,.13,,.14,.20,.20,.06,.28,,,.09,,.25,.19,.14,,.11,.09,,.18,.22,.21,,.22,.05,.16,,,.08,,.15,.14,.15,,.07,.20,,.26,.17,.18,,.12,.17,.10,,,.13,,.13,.14,.15,,.04,.29,,2,,1,3,6,4,2,,,1,,5,4,6,,3,3,,6,4,2,,3,5,1,,,4,,6,6,5,,5,5,,6,3,2,,1,4,3,,,2,,2,5,5,,4,5,,2,,1,3,6,4,2,,,1,,5,4,6,,2,3,,6,4,2,,3,5,1,,,4,,6,5,5,,4,6,,6,3,2,,1,4,3,,,1,,2,3,5,,2,5,,4,,1,6,1,8,7,,,8,,3,12,7,,3,8,,4,11,2,,1,5,4,,,7,,1,8,7,,1,7,,1,8,7,,2,7,1,,,9,,1,7,10,,1,9,,４,,３,３,６,４,３,,,１,,３,５,３,,５,６,,６,６,１,,３,５,３,,,４,,６,５,６,,４,５,,５,６,３,,４,４,１,,,５,,４,４,５,,３,６,,0.15,0.19,0.18,0.16,0.16,0.14, 72, 29, 27, 22, 51, 23, 35.76, 33.33, 28.40, 37.11, 23.53, 38.22, 49.01, 45.51, 45.68, 53.46, 40.44, 56.69, 51, 39, 35, 47,  6, 56, 30.53, 38.99, 29.68, 21.50, 24.84, 32.32, 48.42, 56.60, 47.74, 39.25, 45.10, 51.22,F1,F0,F0,F1,F1,F0,L0,L0,L0,L0,L0,L0,40.91,22.22,23.81, 0.00,25.00, 0.00,20.55,22.83,20.00, 7.04,11.67, 0.00,59.09,22.22,42.86, 0.00,51.25, 0.00,34.25,34.78,36.47,16.90,36.67, 0.00,秋　田　　健太郎,松　尾　　光　広,庄　司　　孝　輔,原　田　　才一郎,小　澤　　和　也,定　野　　久　恵,3808,4557,4360,5028,4110,3298, 5.64, 3.56, 4.95, 0.00, 4.99, 0.00, 4.04, 4.25, 4.14, 2.85, 3.83, 1.88
2019-04-01,浜名湖,1,.16,.16,.18,,,,,,,.31,.22,.32,,,,,,,.14,.11,.18,,,,,,,.27,,.22,.23,,,,,,.23,.22,.18,,,,,,,.22,,.09,.10,,,,,,5,3,2,,,,,,,1,5,5,,,,,,,4,2,6,,,,,,,2,,2,2,,,,,,5,3,2,,,,,,,4,,1,5,,,,,,5,3,2,,,,,,,1,5,4,,,,,,,4,2,6,,,,,,,1,,3,5,,,,,,4,3,2,,,,,,,4,,1,5,,,,,,4,11,3,,,,,,,2,11,6,,,,,,,5,9,8,,,,,,,8,,2,7,,,,,,2,6,4,,,,,,,4,,1,5,,,,,,４,５,６,,,,,,,５,４,４,,,,,,,５,４,６,,,,,,,６,,４,５,,,,,,４,５,４,,,,,,,５,,１,６,,,,,,0.17,0.16,0.16,0.19,0.14,0.19, 20, 66, 70, 55, 62, 25, 21.05, 37.27, 38.74, 33.04, 33.03, 35.24, 35.79, 58.18, 47.75, 44.64, 56.88, 52.38, 31, 57, 63, 50, 19, 28, 35.74, 29.77, 37.83, 25.70, 35.04, 27.54, 49.36, 48.37, 56.09, 39.66, 48.82, 45.34,F0,F1,F0,F0,F0,F0,L0,L0,L0,L0,L0,L0,25.00,45.00,45.71,27.78,25.00, 6.25,21.65,42.28,37.12,41.56,18.81,10.17,37.50,60.00,71.43,61.11,37.50,21.88,30.93,58.54,56.06,57.14,29.70,27.12,小　黒　　竜　吾,北　中　　元　樹,上　之　　晃　弘,原　田　　富士男,田　中　　宏　樹,鈴　木　　秀　茉,3748,3965,3843,3360,4861,4840, 4.50, 5.90, 6.54, 5.61, 4.88, 2.80, 4.20, 5.85, 5.47, 5.83, 3.93, 2.95
2019-04-01,蒲　郡,1,,,,,,,,,,,,,,,,,,,,,,,,,,,,,,,,,,,,,,,,,,,,,,,,,,,,,,,,,,,,,,,,,,,,,,,,,,,,,,,,,,,,,,,,,,,,,,,,,,,,,,,,,,,,,,,,,,,,,,,,,,,,,,,,,,,,,,,,,,,,,,,,,,,,,,,,,,,,,,,,,,,,,,,,,,,,,,,,,,,,,,,,,,,,,,,,,,,,,,,,,,,,,,,,,,,,,,,,,,,,,,,,,,,,,,,,,,,,,,,,,,,,,,,,,,,,,,,,,,,,,,,,,,,,,,,0.17,0.20,0.19,0.21,0.19,0.17, 29, 26, 27, 47, 37, 34, 37.81, 33.00, 32.47, 33.68, 37.21, 30.05, 53.23, 49.50, 52.06, 50.00, 53.95, 45.36, 56, 53, 58, 26, 46, 59, 32.05, 29.94, 27.07, 32.33, 32.34, 43.98, 47.01, 49.10, 42.11, 52.59, 50.64, 60.73,F0,F1,F0,F0,F0,F0,L0,L0,L0,L0,L0,L0,31.71, 0.00,30.00,11.11, 0.00,16.67,40.57,22.54,33.72,29.11, 0.00,16.47,53.66, 0.00,50.00,33.33, 0.00,38.89,61.32,35.21,52.33,45.57, 4.35,31.76,黒　野　　元　基,富　永　　　　茂,天　野　　　　誠,赤　峰　　和　也,宮　田　　龍　馬,中　北　　将　史,4960,3491,3787,3471,5016,4623, 5.27, 1.00, 5.10, 3.78, 0.00, 4.11, 5.86, 3.99, 5.22, 4.73, 1.89, 3.87
2019-04-01,三　国,1,,,,,,,,,,,,,,,,,,,,,,,,,,,,,,,,,,,,,,,,,,,,,,,,,,,,,,,,,,,,,,,,,,,,,,,,,,,,,,,,,,,,,,,,,,,,,,,,,,,,,,,,,,,,,,,,,,,,,,,,,,,,,,,,,,,,,,,,,,,,,,,,,,,,,,,,,,,,,,,,,,,,,,,,,,,,,,,,,,,,,,,,,,,,,,,,,,,,,,,,,,,,,,,,,,,,,,,,,,,,,,,,,,,,,,,,,,,,,,,,,,,,,,,,,,,,,,,,,,,,,,,,,,,,,,,0.14,0.16,0.18,0.17,0.14,   -, 43, 44, 13, 28, 46, 30,  0.00,  0.00,  0.00,  0.00,  0.00,  0.00,  0.00,  0.00,  0.00,  0.00,  0.00,  0.00, 63, 18, 28, 17, 46, 62,  0.00,  0.00,  0.00,  0.00,  0.00,  0.00,  0.00,  0.00,  0.00,  0.00,  0.00,  0.00,F0,F0,F0,F0,F1,F1,L0,L0,L0,L0,L0,L0,60.00, 0.00,10.53,12.50,16.67, 0.00,44.34,29.13,20.48,19.10,25.40, 0.00,66.67,18.75,36.84,21.43,46.67, 0.00,66.98,46.60,37.35,30.34,39.68, 2.13,森　高　　一　真,片　岡　　秀　樹,浅　見　　宗　孝,中　山　　将　太,小　池　　哲　也,中　村　　駿　平,4030,4167,3880,4912,4788,5061, 7.20, 2.69, 3.84, 3.27, 4.23, 0.00, 6.59, 4.90, 4.25, 3.94, 4.37, 1.34
2019-04-01,住之江,1,,,,,,,,,,,,,,,,,,,,,,,,,,,,,,,,,,,,,,,,,,,,,,,,,,,,,,,,,,,,,,,,,,,,,,,,,,,,,,,,,,,,,,,,,,,,,,,,,,,,,,,,,,,,,,,,,,,,,,,,,,,,,,,,,,,,,,,,,,,,,,,,,,,,,,,,,,,,,,,,,,,,,,,,,,,,,,,,,,,,,,,,,,,,,,,,,,,,,,,,,,,,,,,,,,,,,,,,,,,,,,,,,,,,,,,,,,,,,,,,,,,,,,,,,,,,,,,,,,,,,,,,,,,,,,,0.20,0.17,0.20,0.19,0.21,0.21, 35, 33, 59, 88, 56, 58,  0.00, 33.33, 28.57, 28.57, 33.33, 33.33, 30.00, 41.67, 42.86, 57.14, 50.00, 50.00, 84, 20, 31, 52, 81, 72,  0.00, 21.43, 33.33, 28.57, 14.29,  0.00,  0.00, 42.86, 50.00, 42.86, 14.29, 12.50,F0,F0,F0,F0,F0,F1,L0,L0,L0,L0,L0,L0,28.33,30.00, 6.67,33.33,28.57, 0.00,31.43,39.24,20.41,38.98,16.67, 2.17,43.33,60.00,26.67,55.56,42.86, 0.00,42.86,54.43,42.86,61.02,34.52, 4.35,原　田　　智　和,畔　柳　　俊　吾,齋　藤　　達　希,田　中　　孝　明,小　林　　　　享,井　町　　　　泰,3607,4306,4740,4393,3673,4970, 4.87, 5.50, 3.33, 5.56, 4.57, 0.00, 4.86, 5.35, 4.50, 5.76, 4.17, 1.78
2019-04-01,丸　亀,1,.15,,.36,.26,.12,,,,,.18,,.15,.13,.24,,,,,.17,.09,.08,,.13,,,,,.23,,.31,.17,.23,,,,,.10,,.25,.28,.17,,,,,.20,.12,.23,,.20,.22,,,,2,,6,5,4,,,,,1,,6,5,6,,,,,6,3,2,,1,,,,,1,,5,3,2,,,,,1,,2,3,6,,,,,4,6,3,,2,1,,,,2,,6,5,4,,,,,1,,4,5,3,,,,,5,3,2,,1,,,,,1,,5,3,2,,,,,1,,2,3,6,,,,,4,5,3,,2,1,,,,7,,1,11,8,,,,,3,,4,8,7,,,,,3,10,10,,5,,,,,2,,1,6,2,,,,,6,,2,11,5,,,,,2,6,8,,1,6,,,,３,,３,２,４,,,,,３,,６,４,６,,,,,２,６,６,,２,,,,,２,,５,６,３,,,,,２,,１,６,４,,,,,４,４,６,,２,４,,,,0.21,0.15,0.15,0.18,0.20,0.16, 56, 46, 51, 13, 36, 11, 36.18, 39.74, 45.03, 37.66, 43.51, 23.13, 49.34, 55.13, 61.59, 50.65, 62.99, 48.98, 26, 10,  5, 20, 58, 52, 31.65, 20.55, 20.34, 32.50, 36.14, 41.46, 46.84, 32.88, 32.20, 43.75, 55.42, 63.41,F0,F0,F0,F0,F0,F0,L0,L0,L0,L0,L0,L0,44.83,30.00,20.00,17.17,20.00, 0.00,39.35,32.50,44.29,17.17,24.59,17.76,79.31,40.00,30.00,38.38,40.00, 0.00,65.16,51.25,58.57,36.36,39.34,38.32,杉　田　　篤　光,入　澤　　友　治,青　木　　幸太郎,長谷川　　親　王,田　上　　晋　六,出　本　　正　博,4076,4059,4314,3660,3236,3338, 6.97, 5.00, 4.40, 4.14, 4.20, 2.89, 6.10, 5.15, 5.82, 4.26, 4.39, 4.35
2019-04-01,芦　屋,1,,,,,,,,,,,,,,,,,,,,,,,,,,,,,,,,,,,,,,,,,,,,,,,,,,,,,,,,,,,,,,,,,,,,,,,,,,,,,,,,,,,,,,,,,,,,,,,,,,,,,,,,,,,,,,,,,,,,,,,,,,,,,,,,,,,,,,,,,,,,,,,,,,,,,,,,,,,,,,,,,,,,,,,,,,,,,,,,,,,,,,,,,,,,,,,,,,,,,,,,,,,,,,,,,,,,,,,,,,,,,,,,,,,,,,,,,,,,,,,,,,,,,,,,,,,,,,,,,,,,,,,,,,,,,,,0.16,0.19,0.17,0.19,0.17,0.16, 64, 17, 75, 29, 65, 54, 30.14, 31.51, 33.33, 40.00, 36.40, 35.59, 44.29, 47.95, 49.33, 52.34, 58.77, 47.30, 27, 25, 12, 30, 61, 21, 36.61, 35.20, 35.90, 35.11, 36.51, 34.52, 52.46, 50.51, 49.74, 49.47, 50.26, 53.81,F0,F0,F1,F0,F1,F0,L0,L0,L0,L0,L0,L0,42.42,29.73,11.11,29.73, 0.00,12.50,34.67,22.11,31.87,20.51,24.64,16.98,51.52,48.65,44.44,51.35, 0.00,12.50,46.67,48.42,48.35,39.74,47.83,26.42,藤　崎　　小百合,水　口　　由　紀,西　橋　　奈　未,高　田　　　　綾,喜多須　　杏　奈,佐　藤　　享　子,4304,3580,4961,4694,4714,4806, 6.09, 5.16, 4.56, 4.97, 0.00, 1.88, 5.41, 4.82, 5.03, 4.41, 5.00, 3.38
2019-04-01,戸　田,2,.08,.11,.17,,.14,.23,.15,,,.27,.02,.10,,.20,.05,.17,,,.26,,.20,.23,.19,,.16,.14,,.13,,.19,.14,.22,.09,.13,,,.33,.13,.15,.11,.18,,.10,,,.08,,.09,.14,.09,,.09,.02,,1,2,5,,3,6,2,,,5,1,6,,3,5,2,,,2,,3,4,1,,2,2,,4,,2,1,2,2,3,,,1,4,4,2,4,,5,,,3,,4,6,3,,1,5,,1,2,4,,3,5,2,,,5,1,6,,3,4,2,,,2,,3,4,1,,5,2,,4,,2,1,6,5,3,,,1,4,5,2,3,,6,,,3,,4,6,2,,1,5,,2,7,11,,2,6,2,,,1,6,11,,7,11,11,,,1,,2,10,3,,1,8,,12,,3,7,6,11,5,,,1,10,7,12,4,,10,,,3,,1,9,6,,3,12,,１,３,５,,３,６,３,,,２,２,４,,２,６,３,,,３,,４,５,６,,５,５,,１,,１,１,３,３,４,,,１,２,２,４,２,,２,,,６,,２,１,５,,１,Ｆ,,0.16,0.15,0.19,0.15,0.16,0.17, 62, 73, 18, 70, 56, 44, 39.84, 31.08, 26.35, 34.72, 34.62, 26.21, 57.03, 46.62, 44.59, 55.56, 51.28, 40.69, 31,  7, 24, 61, 48,  1, 19.54, 43.14, 26.88, 28.10, 32.95, 34.44, 42.53, 59.48, 43.01, 44.63, 49.43, 45.70,F1,F0,F0,F0,F1,F1,L0,L0,L0,L0,L0,L0,27.14,42.86,26.67,62.50,44.44,20.00,18.75,25.00,21.43,54.42,36.27,27.52,51.43,42.86,43.33,75.00,59.26,40.00,40.63,35.00,37.50,67.35,48.04,39.45,河　上　　年　昭,秋　元　　　　誠,田　中　　定　雄,林　　　　美　憲,野　村　　　　誠,中　嶋　　達　也,3596,3781,3066,3743,4486,4449, 4.91, 5.29, 4.95, 7.56, 6.04, 4.00, 4.30, 4.21, 4.50, 6.85, 5.50, 4.54
2019-04-01,浜名湖,2,.22,,.13,.14,,,,,,.24,,.17,.18,,,,,,.11,.17,.10,,,,,,,.19,.23,.33,,,,,,,.40,,.11,.24,,,,,,.05,,.15,.12,,,,,,6,,3,4,,,,,,4,,6,3,,,,,,6,2,1,,,,,,,5,6,6,,,,,,,5,,5,3,,,,,,4,,1,2,,,,,,6,,3,4,,,,,,4,,6,3,,,,,,6,2,1,,,,,,,5,6,6,,,,,,,3,,6,2,,,,,,4,,1,2,,,,,,6,,4,11,,,,,,7,,7,12,,,,,,5,12,12,,,,,,,1,9,4,,,,,,,3,,1,7,,,,,,1,,2,11,,,,,,４,,２,２,,,,,,３,,３,４,,,,,,４,２,２,,,,,,,３,５,６,,,,,,,６,,４,４,,,,,,２,,３,３,,,,,,0.15,0.18,0.14,0.13,0.22,0.13, 76, 32, 35, 30, 60, 26, 26.51, 41.82, 30.00, 33.33, 25.49, 31.86, 42.17, 63.64, 53.64, 53.15, 47.06, 51.33, 48, 13, 16, 15, 45,  8, 44.49, 28.70, 39.74, 27.27, 37.61, 40.60, 61.44, 43.52, 56.33, 47.37, 53.54, 54.70,F0,F0,F0,F1,F0,F0,L0,L0,L0,L0,L0,L0,22.22,20.00,44.44,20.00,21.05, 0.00,33.33,38.52,48.33,22.86,13.16,29.41,44.44,20.00,66.67,60.00,42.11, 0.00,50.54,60.66,70.83,35.71,34.21,39.50,向井田　　佑　紀,竹　田　　辰　也,渡　辺　　浩　司,山　下　　昂　大,小　林　　　　晋,宮　嵜　　隆太郎,4811,4239,4256,4842,4026,3825, 4.67, 3.00, 7.33, 5.40, 4.32, 2.00, 5.01, 5.92, 6.70, 4.07, 3.97, 4.59
2019-04-01,蒲　郡,2,,,,,,,,,,,,,,,,,,,,,,,,,,,,,,,,,,,,,,,,,,,,,,,,,,,,,,,,,,,,,,,,,,,,,,,,,,,,,,,,,,,,,,,,,,,,,,,,,,,,,,,,,,,,,,,,,,,,,,,,,,,,,,,,,,,,,,,,,,,,,,,,,,,,,,,,,,,,,,,,,,,,,,,,,,,,,,,,,,,,,,,,,,,,,,,,,,,,,,,,,,,,,,,,,,,,,,,,,,,,,,,,,,,,,,,,,,,,,,,,,,,,,,,,,,,,,,,,,,,,,,,,,,,,,,,0.15,0.18,0.23,0.20,0.21,   -, 32, 60, 63, 55, 33, 31, 38.07, 35.24, 40.67, 33.33, 39.25, 39.59, 58.26, 50.95, 55.50, 47.76, 52.69, 56.35, 52, 61, 72, 45, 12, 51, 32.28, 29.39, 40.63, 33.93, 36.27, 27.67, 49.21, 49.56, 60.42, 54.46, 51.47, 47.57,F0,F0,F0,F0,F0,F1,L0,L0,L0,L0,L0,L0,41.38, 6.25,13.33,20.00,11.76, 0.00,46.36,22.64,23.86,17.07,15.38, 0.00,56.90,31.25,26.67,36.00,29.41, 0.00,60.00,35.85,38.64,39.02,29.67, 2.50,中　村　　泰　平,冨　好　　祐　真,前　川　　竜　次,飯　島　　　　誠,崎　　　　利　仁,佐々木　　大　河,4910,4712,3153,4031,3973,5054, 5.67, 3.56, 3.40, 4.60, 4.35, 0.00, 6.04, 4.32, 4.39, 3.93, 4.16, 1.40
2019-04-01,三　国,2,,,,,,,,,,,,,,,,,,,,,,,,,,,,,,,,,,,,,,,,,,,,,,,,,,,,,,,,,,,,,,,,,,,,,,,,,,,,,,,,,,,,,,,,,,,,,,,,,,,,,,,,,,,,,,,,,,,,,,,,,,,,,,,,,,,,,,,,,,,,,,,,,,,,,,,,,,,,,,,,,,,,,,,,,,,,,,,,,,,,,,,,,,,,,,,,,,,,,,,,,,,,,,,,,,,,,,,,,,,,,,,,,,,,,,,,,,,,,,,,,,,,,,,,,,,,,,,,,,,,,,,,,,,,,,,0.16,0.14,0.18,0.15,0.15,0.17, 52, 11, 24, 19, 55, 23,  0.00,  0.00,  0.00,  0.00,  0.00,  0.00,  0.00,  0.00,  0.00,  0.00,  0.00,  0.00, 22, 15, 13, 52, 42, 51,  0.00,  0.00,  0.00,  0.00,  0.00,  0.00,  0.00,  0.00,  0.00,  0.00,  0.00,  0.00,F0,F1,F0,F1,F0,F0,L0,L0,L0,L0,L0,L0,37.19,60.00,27.27,25.00,23.53,23.08,38.38,37.36,25.00,28.38,34.34,26.53,55.37,80.00,39.39,43.75,41.18,38.46,53.54,53.85,43.48,54.05,51.52,41.84,土　山　　卓　也,飯　山　　　　泰,吉　永　　浩　則,古　賀　　智　之,山　本　　景士郎,村　田　　浩　司,4469,3940,4047,4789,4564,4226, 5.74, 7.00, 5.00, 5.00, 4.53, 4.04, 5.94, 5.75, 4.46, 4.93, 5.33, 4.61
2019-04-01,住之江,2,,,,,,,,,,,,,,,,,,,,,,,,,,,,,,,,,,,,,,,,,,,,,,,,,,,,,,,,,,,,,,,,,,,,,,,,,,,,,,,,,,,,,,,,,,,,,,,,,,,,,,,,,,,,,,,,,,,,,,,,,,,,,,,,,,,,,,,,,,,,,,,,,,,,,,,,,,,,,,,,,,,,,,,,,,,,,,,,,,,,,,,,,,,,,,,,,,,,,,,,,,,,,,,,,,,,,,,,,,,,,,,,,,,,,,,,,,,,,,,,,,,,,,,,,,,,,,,,,,,,,,,,,,,,,,,0.18,0.18,0.18,0.15,0.21,   -, 52, 25, 61, 36, 71, 50, 28.57, 28.57, 33.33, 21.43, 44.44, 44.44, 71.43, 28.57, 50.00, 35.71, 55.56, 66.67, 29, 21, 65, 53, 79, 22, 31.25, 13.33, 15.38,  7.69, 28.57, 37.50, 62.50, 26.67, 53.85, 46.15, 28.57, 62.50,F0,F0,F0,F0,F0,F0,L0,L0,L0,L0,L0,L0,53.85,48.39,33.33,28.57, 0.00, 0.00,17.07,52.29,42.42,38.84,24.42, 0.00,65.38,74.19,33.33,42.86, 0.00, 0.00,24.39,66.06,61.62,67.77,40.70, 4.08,小　野　　信　樹,加　藤　　高　史,坪　口　　竜　也,天　野　　晶　夫,森　作　　広　大,松　井　　友　汰,3305,3445,4553,3621,4421,5049, 6.19, 6.48, 3.67, 4.71, 0.00, 1.38, 3.60, 6.38, 5.94, 6.32, 4.49, 1.63
2019-04-01,丸　亀,2,.19,,.25,.21,.09,,,,,.23,,.28,.11,.25,,,,,.37,,.30,.14,.15,,,,,.24,.32,.31,,.24,.25,,,,.19,,.22,.28,.21,,,,,.22,.24,.03,,.28,.09,,,,5,,4,6,3,,,,,6,,4,1,3,,,,,1,,3,5,5,,,,,6,5,1,,3,2,,,,4,,6,3,2,,,,,6,6,6,,6,6,,,,5,,4,6,3,,,,,6,,4,1,3,,,,,1,,2,4,5,,,,,6,5,1,,3,2,,,,4,,6,3,2,,,,,5,6,6,,6,5,,,,5,,1,9,6,,,,,5,,2,7,2,,,,,4,,1,7,3,,,,,2,8,2,,1,5,,,,4,,2,9,4,,,,,1,8,5,,2,9,,,,２,,６,５,３,,,,,５,,５,２,５,,,,,６,,１,４,５,,,,,６,６,３,,４,６,,,,２,,６,６,５,,,,,６,５,６,,６,６,,,,0.17,0.19,0.18,0.20,0.19,0.20, 22, 33, 59, 63, 24, 44, 35.33, 33.33, 26.09, 31.03, 34.03, 34.97, 54.00, 53.59, 44.20, 50.34, 45.14, 49.08, 21, 31, 23, 28, 41, 27, 19.74, 26.03, 48.10, 21.13, 40.00, 52.50, 36.84, 41.10, 64.56, 43.66, 65.00, 66.25,F0,F0,F1,F1,F0,F1,L0,L0,L0,L0,L0,L0,44.44, 0.00,22.22, 0.00, 9.09, 0.00,13.40,26.26,28.57,20.75,36.36, 0.00,55.56, 0.00,33.33, 0.00,27.27, 0.00,35.05,44.44,43.96,28.30,54.55, 1.75,萩　原　　知　哉,一　色　　雅　昭,林　　　　恵　祐,前　田　　昭　広,新　地　　雅　洋,伊　藤　　尚　汰,4440,3536,3928,3794,3079,5022, 6.00, 0.00, 4.22, 0.00, 3.00, 0.00, 4.13, 4.80, 4.59, 3.51, 5.45, 1.44
2019-04-01,芦　屋,2,,,,,,,,,,,,,,,,,,,,,,,,,,,,,,,,,,,,,,,,,,,,,,,,,,,,,,,,,,,,,,,,,,,,,,,,,,,,,,,,,,,,,,,,,,,,,,,,,,,,,,,,,,,,,,,,,,,,,,,,,,,,,,,,,,,,,,,,,,,,,,,,,,,,,,,,,,,,,,,,,,,,,,,,,,,,,,,,,,,,,,,,,,,,,,,,,,,,,,,,,,,,,,,,,,,,,,,,,,,,,,,,,,,,,,,,,,,,,,,,,,,,,,,,,,,,,,,,,,,,,,,,,,,,,,,0.18,0.15,0.20,0.18,0.23,0.19, 72, 24, 70, 67, 56, 11, 31.98, 35.84, 32.43, 40.35, 32.30, 34.23, 47.75, 53.10, 50.00, 56.58, 45.13, 50.90, 19,  4,  8, 43,  7, 49, 32.45, 29.95, 34.02, 42.45, 41.29, 37.43, 49.47, 45.89, 52.06, 61.79, 57.71, 57.22,F0,F0,F0,F2,F0,F0,L0,L0,L0,L0,L0,L0,48.15,16.67,31.58,56.25, 0.00, 0.00,36.96,13.95,21.70,44.30, 7.04,19.42,74.07,16.67,52.63,79.69, 0.00,13.33,58.70,24.42,36.79,67.09,15.49,31.07,樋　口　　由加里,中　北　　　　涼,福　島　　陽　子,中　谷　　朋　子,森　下　　愛　梨,武　藤　　綾　子,4501,4924,3357,3845,4984,3604, 7.04, 3.67, 5.16, 7.48, 1.75, 2.80, 5.68, 3.90, 4.36, 6.44, 2.72, 3.94
2019-04-01,戸　田,3,.18,.28,.14,,.10,.06,.08,.19,,.06,.16,.30,,.10,.04,.22,,,.23,.23,.26,,.14,.03,.15,,,.10,.12,.20,,.06,.14,.14,,,.10,,.10,.10,.06,,.11,.21,,.12,,.09,.21,.07,,.12,.02,,3,6,2,,5,1,5,3,,4,6,5,,3,1,3,,,4,6,3,,2,5,1,,,5,2,4,,1,3,6,,,3,,2,1,6,,5,1,,2,,3,6,1,,5,4,,3,6,2,,4,1,5,3,,4,6,5,,2,1,3,,,4,6,3,,2,5,1,,,5,2,4,,1,3,6,,,3,,2,1,6,,4,1,,2,,3,6,1,,5,4,,5,10,9,,3,11,5,9,,2,8,10,,4,8,11,,,1,5,3,,2,8,6,,,3,10,2,,5,10,8,,,12,,5,12,8,,3,7,,3,,4,12,10,,4,12,,４,４,４,,３,１,２,３,,２,４,４,,５,１,４,,,４,５,６,,２,５,２,,,３,１,２,,１,４,４,,,４,,１,１,３,,３,２,,１,,１,６,１,,２,Ｆ,,0.14,0.15,0.16,0.18,0.14,0.17, 16, 59, 13, 21, 64, 48, 25.38, 21.90, 34.64, 35.44, 32.24, 34.27, 46.92, 38.69, 45.75, 49.37, 51.97, 47.55, 44, 16, 45, 13, 18, 34, 28.72, 32.85, 22.22, 26.49, 27.13, 34.66, 46.81, 50.36, 39.32, 41.06, 48.84, 53.98,F1,F0,F0,F0,F1,F1,L0,L0,L0,L0,L0,L0,60.00,50.00,26.67,37.50,46.03,14.29,55.64,47.52,33.33,44.25,46.40,40.00,73.33,83.33,46.67,41.67,69.84,71.43,69.17,65.96,49.07,61.49,61.60,55.45,松　下　　一　也,乙　藤　　智　史,宮　本　　裕　之,川　上　　　　剛,川　尻　　泰　輔,奥　田　　　　誠,4207,4402,3346,4189,4175,4111, 7.33, 7.50, 4.73, 5.13, 6.44, 5.29, 6.96, 6.66, 5.18, 6.28, 6.30, 5.48
2019-04-01,浜名湖,3,.11,.14,.21,,,,,,,.21,.09,.22,,,,,,,.21,.13,.10,,,,,,,.10,.19,.27,,,,,,,.19,,.25,.16,,,,,,.06,,.19,.21,,,,,,2,4,5,,,,,,,6,1,5,,,,,,,4,5,6,,,,,,,2,6,1,,,,,,,3,,1,5,,,,,,1,,5,4,,,,,,2,4,5,,,,,,,5,1,6,,,,,,,2,5,6,,,,,,,2,6,1,,,,,,,3,,1,4,,,,,,1,,5,4,,,,,,4,9,12,,,,,,,2,9,11,,,,,,,3,9,5,,,,,,,5,10,6,,,,,,,1,,3,7,,,,,,5,,3,12,,,,,,３,２,６,,,,,,,３,１,５,,,,,,,１,６,２,,,,,,,２,５,３,,,,,,,６,,５,２,,,,,,１,,４,５,,,,,,0.16,0.18,0.15,0.17,0.15,0.17, 13, 36, 54, 46, 37, 11, 38.18, 39.29, 29.81, 30.93, 28.95, 37.50, 53.64, 52.68, 44.23, 47.42, 47.37, 52.68, 56, 24, 55, 27, 58, 43, 38.71, 34.42, 31.39, 27.23, 39.68, 37.61, 52.07, 52.56, 52.02, 41.78, 58.33, 54.70,F0,F0,F0,F0,F1,F0,L0,L0,L0,L0,L0,L0,22.22,44.44,42.86,47.66,25.00,17.24,41.53,40.91,44.80,48.05,20.48,31.19,22.22,55.56,57.14,66.41,37.50,44.83,55.08,65.15,61.60,68.18,36.14,49.54,和　田　　操　拓,長　尾　　章　平,稗　田　　聖　也,石　田　　章　央,吉　川　　勇　作,内　野　　省　一,4649,4264,4506,3811,4705,3666, 3.44, 5.56, 6.29, 6.21, 4.13, 4.31, 5.68, 6.36, 6.00, 6.25, 3.93, 4.84
2019-04-01,蒲　郡,3,,,,,,,,,,,,,,,,,,,,,,,,,,,,,,,,,,,,,,,,,,,,,,,,,,,,,,,,,,,,,,,,,,,,,,,,,,,,,,,,,,,,,,,,,,,,,,,,,,,,,,,,,,,,,,,,,,,,,,,,,,,,,,,,,,,,,,,,,,,,,,,,,,,,,,,,,,,,,,,,,,,,,,,,,,,,,,,,,,,,,,,,,,,,,,,,,,,,,,,,,,,,,,,,,,,,,,,,,,,,,,,,,,,,,,,,,,,,,,,,,,,,,,,,,,,,,,,,,,,,,,,,,,,,,,,0.24,0.15,0.18,0.16,0.23,0.19, 58, 15, 20, 62, 38, 24, 35.60, 32.20, 22.83, 38.81, 30.86, 40.95, 50.26, 49.76, 42.93, 57.99, 46.30, 56.67, 39, 17, 70, 24, 73, 34, 35.65, 46.35, 28.70, 31.80, 35.14, 35.85, 54.17, 65.63, 49.33, 50.69, 55.41, 50.00,F1,F0,F0,F0,F0,F0,L0,L0,L0,L0,L0,L0, 0.00,42.37,33.33,35.00, 0.00,42.00,25.32,35.87,49.00,39.80, 1.92,48.72, 0.00,57.63,53.33,55.00, 0.00,64.00,50.63,55.43,63.00,56.12, 5.77,75.21,山　口　　修　路,川　上　　聡　介,横　澤　　剛　治,有　賀　　達　也,古　場　　健　也,繁野谷　　圭　介,4367,3848,3956,4428,5024,3915, 0.00, 5.75, 5.93, 5.75, 0.00, 6.00, 5.03, 5.57, 6.77, 5.72, 1.67, 6.84
2019-04-01,三　国,3,,,,,,,,,,,,,,,,,,,,,,,,,,,,,,,,,,,,,,,,,,,,,,,,,,,,,,,,,,,,,,,,,,,,,,,,,,,,,,,,,,,,,,,,,,,,,,,,,,,,,,,,,,,,,,,,,,,,,,,,,,,,,,,,,,,,,,,,,,,,,,,,,,,,,,,,,,,,,,,,,,,,,,,,,,,,,,,,,,,,,,,,,,,,,,,,,,,,,,,,,,,,,,,,,,,,,,,,,,,,,,,,,,,,,,,,,,,,,,,,,,,,,,,,,,,,,,,,,,,,,,,,,,,,,,,0.14,0.14,0.13,0.16,0.17,0.17, 15, 41, 39, 51, 32, 22,  0.00,  0.00,  0.00,  0.00,  0.00,  0.00,  0.00,  0.00,  0.00,  0.00,  0.00,  0.00, 24, 33, 47, 16, 61, 19,  0.00,  0.00,  0.00,  0.00,  0.00,  0.00,  0.00,  0.00,  0.00,  0.00,  0.00,  0.00,F0,F1,F0,F0,F0,F0,L0,L0,L0,L0,L0,L0,47.22,15.63,50.00,33.33, 0.00,30.00,47.93,13.16,40.26,41.05,44.86,20.83,69.44,28.13,65.63,50.00, 0.00,50.00,57.02,30.26,54.55,52.63,61.68,35.42,出　畑　　孝　典,木　村　　恒　一,椎　名　　　　豊,金　子　　良　昭,白　神　　　　優,本　岡　　勝　利,4079,3694,4787,3156,4713,4219, 6.86, 3.91, 6.38, 5.25, 0.00, 5.00, 6.00, 3.59, 6.05, 5.77, 6.07, 4.40
2019-04-01,住之江,3,,,,,,,,,,,,,,,,,,,,,,,,,,,,,,,,,,,,,,,,,,,,,,,,,,,,,,,,,,,,,,,,,,,,,,,,,,,,,,,,,,,,,,,,,,,,,,,,,,,,,,,,,,,,,,,,,,,,,,,,,,,,,,,,,,,,,,,,,,,,,,,,,,,,,,,,,,,,,,,,,,,,,,,,,,,,,,,,,,,,,,,,,,,,,,,,,,,,,,,,,,,,,,,,,,,,,,,,,,,,,,,,,,,,,,,,,,,,,,,,,,,,,,,,,,,,,,,,,,,,,,,,,,,,,,,0.18,0.19,0.16,0.16,0.15,0.19, 24, 67, 38, 70, 75, 90, 23.08, 40.00, 28.57, 28.57, 14.29, 42.86, 30.77, 40.00, 57.14, 28.57, 14.29, 42.86, 25, 69, 60, 66, 70, 71, 28.57, 42.86, 26.67, 35.71, 14.29, 33.33, 42.86, 42.86, 53.33, 42.86, 28.57, 77.78,F0,F0,F0,F0,F0,F0,L0,L0,L0,L0,L0,L0, 0.00,36.07,36.84,30.00, 0.00, 0.00,30.86,28.18,56.88,24.69,42.67,12.50, 0.00,55.74,63.16,50.00, 0.00, 6.67,51.85,48.18,68.81,44.44,57.33,25.00,山　崎　　　　毅,石　川　　吉　鎬,石　塚　　久　也,大　崎　　　　翔,丹　下　　　　将,杉　本　　洋　一,2903,3951,4144,4656,4369,3979, 0.00, 5.61, 5.95, 5.80, 0.00, 2.07, 5.09, 4.89, 6.81, 4.85, 5.91, 3.29
2019-04-01,丸　亀,3,.28,.25,.34,,.16,.13,,,,.10,,.08,.19,.27,.18,,,,.09,.14,.07,.21,.15,,,,,.34,.11,.07,,.15,,,,,.25,.12,.21,,.21,.10,,,,.24,,.28,.27,.10,,,,,2,4,2,,5,6,,,,1,,4,6,5,3,,,,2,1,6,5,3,,,,,2,6,5,,3,,,,,3,6,4,,1,2,,,,5,,3,2,1,,,,,2,4,3,,5,6,,,,1,,4,6,5,3,,,,2,1,6,5,3,,,,,2,6,5,,3,,,,,3,6,4,,1,2,,,,5,,3,2,1,,,,,2,9,1,,5,10,,,,7,,3,10,2,11,,,,6,11,3,9,10,,,,,4,11,5,,8,,,,,4,10,9,,1,8,,,,4,,3,11,9,,,,,１,１,２,,５,５,,,,５,,１,４,４,３,,,,３,３,４,４,３,,,,,４,５,４,,５,,,,,３,５,３,,１,２,,,,１,,２,３,５,,,,,0.17,0.22,0.15,0.18,0.16,0.19, 60, 37, 45, 10, 58, 66, 32.28, 28.57, 40.97, 36.30, 35.19, 35.86, 48.10, 51.70, 60.42, 52.05, 50.62, 48.97, 64, 12,  7, 15, 25, 33, 27.27, 20.78, 26.47, 51.32, 18.67, 30.00, 44.16, 36.36, 47.06, 59.21, 36.00, 58.57,F1,F1,F0,F1,F0,F0,L0,L0,L0,L0,L0,L0,66.67,30.00,60.87,26.32,44.44,40.00,34.00,24.75,49.66,28.41,40.54,39.44,66.67,30.00,82.61,47.37,56.57,80.00,47.00,40.59,68.71,47.73,60.36,55.63,柳　内　　敬　太,後　藤　　隼　之,松　村　　　　敏,相　原　　利　章,村　越　　　　篤,金　子　　貴　志,4790,4676,4236,4540,3907,3814, 7.11, 4.90, 7.30, 4.84, 5.87, 6.80, 5.05, 4.52, 6.69, 5.02, 5.88, 5.85
2019-04-01,芦　屋,3,,,,,,,,,,,,,,,,,,,,,,,,,,,,,,,,,,,,,,,,,,,,,,,,,,,,,,,,,,,,,,,,,,,,,,,,,,,,,,,,,,,,,,,,,,,,,,,,,,,,,,,,,,,,,,,,,,,,,,,,,,,,,,,,,,,,,,,,,,,,,,,,,,,,,,,,,,,,,,,,,,,,,,,,,,,,,,,,,,,,,,,,,,,,,,,,,,,,,,,,,,,,,,,,,,,,,,,,,,,,,,,,,,,,,,,,,,,,,,,,,,,,,,,,,,,,,,,,,,,,,,,,,,,,,,,0.19,0.22,0.15,0.25,0.21,0.17, 15, 37, 74, 46, 60, 23, 36.28, 31.84, 40.63, 31.51, 45.74, 33.76, 49.12, 48.88, 59.82, 45.66, 60.99, 51.28, 17, 44, 34, 24, 55, 31, 35.03, 41.83, 37.56, 30.77, 28.73, 25.15, 52.28, 58.65, 54.31, 43.08, 48.07, 45.40,F0,F0,F0,F0,F1,F0,L0,L0,L0,L0,L0,L0,39.53, 0.00,44.83, 0.00,37.04, 0.00,40.29,20.59,50.76, 1.56,33.33,22.06,53.49, 0.00,62.07, 0.00,51.85,20.00,52.52,32.35,68.94, 3.13,48.96,38.24,谷　川　　里　江,芦　村　　幸　香,大　山　　千　広,下　野　　京　香,角　　　　ひとみ,三　松　　直　美,3302,4670,4885,4993,3334,3943, 5.81, 0.00, 6.01, 0.00, 5.59, 3.00, 5.65, 4.21, 6.77, 1.48, 4.99, 4.15
2019-04-01,戸　田,4,.19,.07,.13,,.12,.12,.14,,,.20,.21,.12,,.12,.10,.22,,,.15,,.29,.12,.40,,.15,.14,,.09,,.20,.17,.15,,.16,.13,,.16,.18,.13,,.09,.17,.11,.21,,.11,.17,.17,,.13,.12,.11,.06,,1,1,3,,4,4,2,,,3,5,6,,1,3,4,,,5,,6,3,1,,3,4,,6,,4,5,3,,4,1,,3,5,4,,2,1,4,1,,3,6,5,,2,1,4,1,,1,2,3,,6,4,5,,,3,5,6,,1,2,4,,,5,,6,2,1,,3,4,,6,,4,5,2,,3,1,,3,5,6,,2,1,4,1,,3,6,5,,2,1,4,1,,5,9,12,,3,9,3,,,1,9,4,,1,12,7,,,8,,3,11,6,,6,10,,6,,6,12,9,,4,8,,4,12,8,,5,12,2,11,,6,12,9,,3,7,8,12,,６,１,２,,４,５,２,,,６,２,３,,１,３,１,,,５,,４,２,４,,１,１,,６,,５,３,３,,５,２,,２,５,３,,２,１,２,２,,１,６,３,,１,１,１,１,,0.16,0.18,0.17,0.16,0.17,0.15, 24, 67, 66, 65, 50, 32, 35.95, 22.79, 32.45, 36.48, 33.33, 29.87, 46.41, 43.38, 53.64, 58.49, 44.00, 53.90, 43, 10, 40, 42, 30, 46, 31.30, 34.46, 31.63, 30.53, 31.18, 29.51, 42.75, 51.41, 47.91, 43.16, 44.71, 52.46,F0,F0,F0,F0,F0,F0,L0,L0,L0,L0,L0,L0,81.25,33.33,50.00,25.00, 0.00,68.42,55.64,28.57,34.88,34.97,52.68,48.34,87.50,55.56,57.14,57.14, 0.00,86.84,70.68,47.96,58.14,50.35,80.36,72.19,今　井　　美　亜,森　岡　　真　希,田　中　　辰　彦,藤　田　　竜　弘,上　平　　真　二,中　野　　次　郎,4611,3802,4434,4209,3737,4075, 8.75, 5.33, 5.29, 5.11, 0.00, 8.05, 6.93, 4.72, 5.57, 5.21, 7.21, 7.38
2019-04-01,浜名湖,4,.22,,.00,.18,,,,,,.11,.19,.08,,,,,,,.06,.09,.17,,,,,,,.19,,.13,.19,,,,,,.18,.25,.13,,,,,,,.59,,.23,.30,,,,,,6,,2,4,,,,,,3,5,1,,,,,,,1,4,4,,,,,,,2,,5,3,,,,,,6,2,3,,,,,,,6,,6,6,,,,,,6,,2,4,,,,,,3,5,1,,,,,,,1,5,4,,,,,,,2,,5,3,,,,,,6,2,3,,,,,,,5,,5,6,,,,,,11,,5,10,,,,,,4,10,5,,,,,,,1,8,4,,,,,,,7,,2,8,,,,,,1,10,9,,,,,,,3,,1,9,,,,,,６,,４,５,,,,,,２,４,３,,,,,,,１,３,３,,,,,,,４,,５,４,,,,,,４,６,４,,,,,,,５,,６,６,,,,,,0.15,0.15,0.17,0.17,0.16,   -, 38, 43, 18, 58, 47, 23, 30.97, 26.80, 24.04, 30.17, 16.04, 37.50, 46.02, 45.36, 41.35, 44.83, 32.08, 51.79, 38, 61, 33, 26, 62, 34, 32.11, 38.79, 39.67, 31.36, 37.67, 34.62, 44.95, 57.33, 57.44, 47.73, 51.12, 55.56,F0,F1,F0,F0,F0,F1,L0,L0,L0,L0,L0,L0, 0.00, 0.00,35.11,37.50,34.38, 0.00,53.52,17.05,31.09,17.35,28.70, 0.00, 0.00, 0.00,47.87,50.00,43.75, 0.00,71.83,42.05,49.58,45.92,46.09, 2.78,古　澤　　光　紀,高　岡　　竜　也,伊　達　　正　利,今　出　　晋　二,亀　山　　高　雅,鈴　木　　孝　明,4522,4950,3718,3949,3970,5066, 0.00, 1.83, 5.03, 5.00, 4.88, 0.00, 6.85, 4.31, 5.08, 4.64, 4.88, 1.47
2019-04-01,蒲　郡,4,,,,,,,,,,,,,,,,,,,,,,,,,,,,,,,,,,,,,,,,,,,,,,,,,,,,,,,,,,,,,,,,,,,,,,,,,,,,,,,,,,,,,,,,,,,,,,,,,,,,,,,,,,,,,,,,,,,,,,,,,,,,,,,,,,,,,,,,,,,,,,,,,,,,,,,,,,,,,,,,,,,,,,,,,,,,,,,,,,,,,,,,,,,,,,,,,,,,,,,,,,,,,,,,,,,,,,,,,,,,,,,,,,,,,,,,,,,,,,,,,,,,,,,,,,,,,,,,,,,,,,,,,,,,,,,0.18,0.16,0.17,0.16,0.15,0.21, 36, 23, 65, 39, 35, 54, 34.20, 30.73, 38.58, 33.33, 33.64, 31.53, 52.33, 48.60, 55.84, 53.33, 53.74, 49.75, 35, 30, 29, 25, 14, 33, 36.32, 35.98, 36.15, 28.32, 33.82, 54.29, 50.85, 54.21, 50.23, 46.24, 53.92, 70.00,F0,F0,F1,F1,F0,F0,L0,L0,L0,L0,L0,L0, 0.00,33.33,45.45,36.67,50.00,44.44,28.89,41.05,44.55,27.71,56.52,34.41, 0.00,48.72,64.77,43.33,77.27,55.56,42.22,53.68,55.45,43.37,76.52,54.84,杉　山　　勝　匡,芹　澤　　克　彦,吉　島　　祥　之,中　山　　　　将,中　澤　　和　志,竹　村　　祥　司,4552,3990,4215,4797,3952,3485, 0.00, 5.08, 6.22, 4.67, 7.23, 5.67, 4.84, 5.64, 5.82, 4.84, 6.99, 5.47
2019-04-01,三　国,4,,,,,,,,,,,,,,,,,,,,,,,,,,,,,,,,,,,,,,,,,,,,,,,,,,,,,,,,,,,,,,,,,,,,,,,,,,,,,,,,,,,,,,,,,,,,,,,,,,,,,,,,,,,,,,,,,,,,,,,,,,,,,,,,,,,,,,,,,,,,,,,,,,,,,,,,,,,,,,,,,,,,,,,,,,,,,,,,,,,,,,,,,,,,,,,,,,,,,,,,,,,,,,,,,,,,,,,,,,,,,,,,,,,,,,,,,,,,,,,,,,,,,,,,,,,,,,,,,,,,,,,,,,,,,,,0.12,0.15,0.15,0.16,0.14,0.15, 26, 53, 42, 20, 14, 45,  0.00,  0.00,  0.00,  0.00,  0.00,  0.00,  0.00,  0.00,  0.00,  0.00,  0.00,  0.00, 44, 20, 57, 50, 12, 27,  0.00,  0.00,  0.00,  0.00,  0.00,  0.00,  0.00,  0.00,  0.00,  0.00,  0.00,  0.00,F1,F0,F0,F0,F0,F0,L0,L0,L0,L0,L0,L0,51.56, 0.00,55.00,33.33,21.43,21.21,45.71,50.41,48.25,13.64,38.38,43.81,72.66, 0.00,82.50,46.67,42.86,45.45,64.76,66.12,64.91,27.27,47.47,60.00,中　辻　　博　訓,菅　　　　章　哉,濱　崎　　直　矢,福　本　　　　悠,川　上　　昇　平,杢　野　　誓　良,3833,4571,4230,4701,3501,3929, 6.94, 0.00, 7.35, 4.93, 4.57, 4.85, 6.22, 6.63, 6.33, 3.83, 5.43, 5.95
2019-04-01,住之江,4,,,,,,,,,,,,,,,,,,,,,,,,,,,,,,,,,,,,,,,,,,,,,,,,,,,,,,,,,,,,,,,,,,,,,,,,,,,,,,,,,,,,,,,,,,,,,,,,,,,,,,,,,,,,,,,,,,,,,,,,,,,,,,,,,,,,,,,,,,,,,,,,,,,,,,,,,,,,,,,,,,,,,,,,,,,,,,,,,,,,,,,,,,,,,,,,,,,,,,,,,,,,,,,,,,,,,,,,,,,,,,,,,,,,,,,,,,,,,,,,,,,,,,,,,,,,,,,,,,,,,,,,,,,,,,,0.20,0.16,0.19,0.16,0.17,   -, 29, 93, 85, 80, 63, 14,  0.00,  0.00, 14.29, 22.22, 16.67, 12.50, 46.15, 28.57, 14.29, 44.44, 33.33, 25.00, 77, 17, 54, 74, 73, 33, 25.00, 33.33, 28.57, 25.00, 44.44, 41.67, 37.50, 50.00, 71.43, 50.00, 55.56, 41.67,F0,F0,F0,F0,F0,F0,L0,L0,L0,L0,L0,L0, 7.14,42.99,31.82,60.00,88.89, 0.00,18.75,54.13,34.09,48.28,38.98, 0.00,14.29,59.81,40.91,80.00,00.00, 0.00,43.75,67.89,51.14,66.38,62.71, 0.00,山　口　　哲　治,渡　邊　　雄一郎,堤　　　　啓　輔,村　田　　修　次,郷　原　　章　平,数　原　　　　魁,3025,4184,4778,3826,4193,5060, 3.29, 6.35, 4.41, 7.50, 9.44, 0.86, 4.40, 6.88, 5.01, 6.62, 5.92, 1.28
2019-04-01,丸　亀,4,.22,,.36,.23,.18,,,,,.32,,.19,.09,.15,,,,,.16,.18,.12,,.13,.18,,,,.08,.15,.26,,.22,.11,,,,.28,,.35,.38,.18,,,,,.18,.22,.27,,.18,.16,,,,3,,2,6,4,,,,,1,,5,5,4,,,,,1,4,3,,6,2,,,,5,5,2,,3,1,,,,2,,3,6,1,,,,,2,3,5,,1,4,,,,3,,2,6,4,,,,,1,,3,5,4,,,,,1,4,5,,6,2,,,,6,5,2,,4,1,,,,2,,3,6,1,,,,,2,3,5,,1,4,,,,2,,3,7,1,,,,,9,,4,12,10,,,,,8,12,7,,4,10,,,,6,12,9,,7,12,,,,5,,2,8,4,,,,,3,8,2,,2,6,,,,５,,５,５,５,,,,,６,,３,５,４,,,,,１,５,１,,３,２,,,,１,３,２,,３,１,,,,６,,４,５,１,,,,,４,２,２,,１,５,,,,0.19,0.16,0.17,0.13,0.19,0.17, 12, 34, 28, 64, 55, 53, 36.81, 36.02, 31.47, 40.00, 33.56, 40.63, 60.12, 49.69, 52.45, 58.71, 52.05, 56.88, 44, 17, 62, 14, 56, 29, 25.32, 36.62, 24.29, 37.50, 49.38, 31.25, 43.04, 56.34, 34.29, 51.25, 65.43, 42.50,F1,F0,F0,F1,F0,F1,L0,L0,L0,L0,L0,L0,20.00,29.17,48.08,85.71,23.53,25.00,15.56,51.49,34.65,49.67,18.03,30.63,20.00,50.00,65.38,85.71,35.29,31.25,30.00,63.37,60.40,65.56,29.51,41.44,川　俣　　昌　史,古　川　　誠　之,田　中　　　　豪,深　谷　　知　博,丸　山　　龍太郎,須　藤　　隆　雄,3791,3988,3792,4524,4774,3889, 3.33, 5.29, 6.29, 9.00, 4.12, 3.94, 3.78, 6.40, 5.67, 6.92, 3.72, 4.75
2019-04-01,芦　屋,4,,,,,,,,,,,,,,,,,,,,,,,,,,,,,,,,,,,,,,,,,,,,,,,,,,,,,,,,,,,,,,,,,,,,,,,,,,,,,,,,,,,,,,,,,,,,,,,,,,,,,,,,,,,,,,,,,,,,,,,,,,,,,,,,,,,,,,,,,,,,,,,,,,,,,,,,,,,,,,,,,,,,,,,,,,,,,,,,,,,,,,,,,,,,,,,,,,,,,,,,,,,,,,,,,,,,,,,,,,,,,,,,,,,,,,,,,,,,,,,,,,,,,,,,,,,,,,,,,,,,,,,,,,,,,,,0.20,0.21,0.18,0.15,0.15,0.21, 68, 25, 38, 42, 14, 41, 35.71, 30.00, 43.58, 39.65, 37.39, 38.32, 54.46, 49.55, 61.47, 58.59, 52.61, 56.07, 13, 54, 56, 35, 50, 65, 34.98, 35.09, 29.45, 37.17, 28.30, 32.16, 56.65, 51.46, 45.40, 54.45, 44.65, 53.80,F0,F1,F0,F0,F0,F0,L0,L0,L0,L0,L0,L0,59.26,42.86,52.38,51.85, 0.00, 0.00,55.14,22.22,43.94,42.98,29.17, 5.56,77.78,42.86,71.43,64.81,11.11, 0.00,72.90,37.04,69.70,57.89,37.50, 8.33,田　口　　節　子,西　　　　茂登子,魚　谷　　香　織,宇　野　　弥　生,小　芦　　るり華,間　庭　　菜　摘,4050,3142,4347,4183,4938,4947, 7.33, 4.57, 6.67, 6.61, 2.56, 1.22, 7.12, 3.94, 6.20, 6.04, 4.57, 2.14
2019-04-01,戸　田,5,.15,.17,.21,,.17,.06,.16,,,.08,.14,.08,,.11,.11,.16,,,.13,,.13,.20,.24,,.17,.24,,.11,.20,.20,,.14,.08,.15,.10,,.33,,.25,.23,.19,,.11,.09,,.29,,.10,.13,.11,,.19,.21,,4,1,2,,6,4,5,,,2,5,1,,5,5,6,,,4,,2,2,3,,6,5,,2,1,3,,4,6,2,6,,6,,5,6,6,,5,6,,1,,5,2,3,,2,4,,4,1,2,,6,3,5,,,2,5,1,,4,3,6,,,4,,2,1,3,,6,5,,2,1,3,,4,6,2,5,,6,,5,6,6,,5,6,,1,,5,2,3,,2,4,,4,10,6,,5,11,8,,,6,10,8,,6,12,9,,,8,,4,11,3,,4,11,,8,12,10,,2,10,5,10,,9,,2,7,9,,2,5,,11,,4,8,5,,6,11,,５,３,４,,４,２,３,,,５,６,１,,２,２,１,,,３,,６,６,２,,６,５,,２,３,２,,１,６,１,３,,６,,５,６,６,,６,６,,２,,２,２,３,,３,１,,0.17,0.15,0.14,0.15,0.21,0.16, 52, 33, 77, 38, 41, 53, 25.66, 27.89, 31.17, 34.59, 36.13, 27.89, 43.42, 51.70, 48.05, 54.09, 49.68, 44.22, 22, 57, 65,  4, 21, 12, 28.44, 23.46, 33.75, 28.97, 28.31, 31.41, 35.78, 46.91, 47.50, 42.76, 48.80, 47.64,F0,F0,F1,F0,F0,F0,L0,L0,L0,L0,L0,L0,42.86,20.00,55.56,36.00, 0.00,47.57,38.89,51.82,26.09,53.57, 0.00,42.86,57.14,33.33,66.67,48.00, 0.00,67.96,63.49,62.73,44.93,70.71, 1.43,59.86,眞　田　　英　二,船　岡　　洋一郎,篠　田　　優　也,萩　原　　秀　人,計　盛　　　　光,島　田　　賢　人,3955,4398,4654,4061,5021,4505, 6.21, 4.93, 6.56, 5.92, 0.00, 6.40, 6.13, 6.64, 4.65, 7.24, 1.31, 5.95
2019-04-01,浜名湖,5,.25,.13,.28,,,,,,,.31,.17,.17,,,,,,,.31,.22,.32,,.27,,,,,.19,,.10,.10,,,,,,.43,,.14,.31,,,,,,.27,.22,.22,,,,,,,1,1,5,,,,,,,6,5,1,,,,,,,1,5,5,,2,,,,,1,,6,2,,,,,,2,,4,4,,,,,,1,4,5,,,,,,,4,2,5,,,,,,,6,5,1,,,,,,,1,5,4,,2,,,,,1,,6,2,,,,,,1,,4,3,,,,,,1,4,5,,,,,,,3,8,9,,,,,,,7,12,11,,,,,,,2,11,6,,1,,,,,11,,2,9,,,,,,3,,2,6,,,,,,7,11,8,,,,,,,２,４,５,,,,,,,５,４,１,,,,,,,５,４,４,,５,,,,,１,,６,２,,,,,,３,,２,２,,,,,,１,２,３,,,,,,,0.15,0.16,0.16,0.13,0.17,0.16, 50, 24, 66, 44, 40, 73, 22.12, 38.68, 37.27, 31.58, 40.78, 26.96, 40.71, 51.89, 58.18, 44.74, 56.31, 40.00, 65, 39, 57, 10, 44, 60, 35.34, 39.73, 29.77, 31.91, 36.32, 39.92, 51.29, 54.91, 48.37, 51.06, 58.55, 60.92,F0,F0,F1,F0,F1,F1,L0,L0,L0,L0,L0,L0,37.50,51.52,45.00,43.75, 0.00,46.32,44.37,42.17,42.28,46.15,32.32,39.10,62.50,72.73,60.00,56.25, 0.00,58.95,59.86,65.06,58.54,64.10,55.56,56.39,木　村　　仁　紀,寺　本　　重　宣,北　中　　元　樹,高　橋　　英　之,山　下　　流　心,原　　　　豊　土,4743,4086,3965,3805,4872,4131, 5.75, 7.15, 5.90, 6.31, 0.00, 6.05, 6.10, 6.19, 5.85, 6.31, 5.25, 5.62
2019-04-01,蒲　郡,5,,,,,,,,,,,,,,,,,,,,,,,,,,,,,,,,,,,,,,,,,,,,,,,,,,,,,,,,,,,,,,,,,,,,,,,,,,,,,,,,,,,,,,,,,,,,,,,,,,,,,,,,,,,,,,,,,,,,,,,,,,,,,,,,,,,,,,,,,,,,,,,,,,,,,,,,,,,,,,,,,,,,,,,,,,,,,,,,,,,,,,,,,,,,,,,,,,,,,,,,,,,,,,,,,,,,,,,,,,,,,,,,,,,,,,,,,,,,,,,,,,,,,,,,,,,,,,,,,,,,,,,,,,,,,,,0.13,0.16,0.18,0.19,0.19,0.15, 51, 16, 48, 28, 45, 61, 34.74, 34.93, 34.90, 33.63, 33.18, 33.33, 53.05, 55.02, 53.65, 47.53, 53.27, 49.49, 36, 16, 68, 69, 65, 48, 35.16, 40.87, 31.25, 29.52, 36.97, 43.19, 50.68, 60.10, 47.60, 45.71, 62.61, 57.75,F1,F1,F0,F0,F0,F0,L0,L0,L0,L0,L0,L0,50.00, 0.00,56.44,20.00,28.57,31.03,54.74,31.82,57.81,24.47,26.74,47.00,60.00, 0.00,76.24,50.00,42.86,44.83,63.16,45.45,71.09,37.23,37.21,58.00,三　浦　　敬　太,福　田　　　　理,仲　口　　博　崇,井　川　　正　人,竹　田　　広　樹,石　田　　政　吾,4702,3982,3554,2958,3617,3635, 7.00, 0.00, 7.35, 5.30, 4.29, 5.66, 6.72, 4.74, 7.01, 4.39, 4.14, 6.31
2019-04-01,三　国,5,,,,,,,,,,,,,,,,,,,,,,,,,,,,,,,,,,,,,,,,,,,,,,,,,,,,,,,,,,,,,,,,,,,,,,,,,,,,,,,,,,,,,,,,,,,,,,,,,,,,,,,,,,,,,,,,,,,,,,,,,,,,,,,,,,,,,,,,,,,,,,,,,,,,,,,,,,,,,,,,,,,,,,,,,,,,,,,,,,,,,,,,,,,,,,,,,,,,,,,,,,,,,,,,,,,,,,,,,,,,,,,,,,,,,,,,,,,,,,,,,,,,,,,,,,,,,,,,,,,,,,,,,,,,,,,0.17,0.15,0.12,0.18,0.14,0.15, 27, 29, 31, 54, 34, 49,  0.00,  0.00,  0.00,  0.00,  0.00,  0.00,  0.00,  0.00,  0.00,  0.00,  0.00,  0.00, 29, 49, 31, 26, 25, 11,  0.00,  0.00,  0.00,  0.00,  0.00,  0.00,  0.00,  0.00,  0.00,  0.00,  0.00,  0.00,F0,F0,F1,F0,F0,F0,L0,L0,L0,L0,L0,L0,30.00,57.89,50.00,10.53, 0.00, 0.00,33.33,47.41,32.50,21.11, 0.00,40.68,50.00,63.16,65.87,42.11, 0.00, 0.00,50.00,63.79,47.50,43.33, 2.13,56.78,川　崎　　公　靖,村　上　　　　遼,室　田　　泰　史,高　塚　　清　一,坂　本　　雅　佳,柳　生　　泰　二,4271,4715,3548,2014,5001,4361, 5.00, 6.74, 6.56, 4.53, 0.00, 0.00, 5.47, 6.24, 5.00, 4.63, 1.57, 6.09
2019-04-01,住之江,5,,,,,,,,,,,,,,,,,,,,,,,,,,,,,,,,,,,,,.15,,,,,,,,,,,,,,,,,,,,,,,,,,,,,,,,,,,,,,,,,,,,,,,,,,,,,,3,,,,,,,,,,,,,,,,,,,,,,,,,,,,,,,,,,,,,,,,,,,,,,,,,,,,,,3,,,,,,,,,,,,,,,,,,,,,,,,,,,,,,,,,,,,,,,,,,,,,,,,,,,,,,1,,,,,,,,,,,,,,,,,,,,,,,,,,,,,,,,,,,,,,,,,,,,,,,,,,,,,,３,,,,,,,,,,,,,,,,,,0.16,0.19,0.18,0.22,0.20,0.17, 12, 28, 89, 26, 59, 23,  7.69,  7.69,  0.00, 21.43, 28.57,  7.69, 23.08, 15.38,  0.00, 50.00, 42.86, 46.15, 18, 87, 56, 14, 31, 62,  7.69, 42.86, 16.67,  7.69, 33.33,  7.69, 30.77, 42.86, 33.33, 15.38, 50.00, 23.08,F0,F1,F0,F1,F0,F1,L0,L0,L0,L0,L0,L0,11.11,33.33,16.67, 0.00, 6.67,12.50,45.83,40.34,18.03,28.57,20.41,34.00,33.33,50.00,33.33, 0.00,26.67,50.00,63.33,61.34,29.51,50.00,42.86,59.00,山　本　　英　志,末　永　　由　楽,野　間　　大　樹,吉　田　　　　光,齋　藤　　達　希,谷　本　　幸　司,3888,4441,4508,3809,4740,3455, 4.22, 5.33, 3.88, 0.00, 3.33, 4.88, 6.20, 5.81, 3.70, 4.80, 4.50, 5.64
2019-04-01,丸　亀,5,.06,,.08,.09,.10,,,,,.25,.13,.17,.04,.09,,,,,.21,.22,.02,,.09,.07,,,,.14,,.03,.25,.14,.09,,,,.14,.11,.29,,.09,.06,,,,.18,,.15,.13,.24,,.14,,,4,,5,2,6,,,,,6,3,2,1,4,,,,,5,6,2,,1,5,,,,1,,4,6,3,2,,,,2,3,1,,4,6,,,,1,,6,5,6,,2,,,4,,5,2,6,,,,,6,3,2,1,4,,,,,4,6,2,,1,5,,,,1,,4,6,3,2,,,,2,3,1,,4,6,,,,1,,4,5,3,,2,,,6,,3,12,6,,,,,4,12,7,12,9,,,,,3,9,5,,3,8,,,,10,,5,11,5,9,,,,1,6,4,,4,8,,,,3,,4,8,7,,1,,,５,,３,６,６,,,,,５,２,３,１,４,,,,,１,３,５,,１,３,,,,３,,２,５,１,３,,,,５,６,５,,６,６,,,,３,,６,４,６,,３,,,0.17,0.14,0.15,0.15,0.17,0.15, 29, 25, 27,  1, 21, 46, 30.07, 26.00, 32.87, 34.00, 43.62, 39.74, 49.67, 44.00, 48.95, 48.67, 57.72, 55.13, 34, 36, 11, 32, 57, 10, 24.36, 26.58, 21.33, 19.72, 26.92, 20.55, 38.46, 41.77, 33.33, 39.44, 41.03, 32.88,F0,F0,F0,F0,F0,F0,L0,L0,L0,L0,L0,L0, 0.00,52.00,18.75,40.00, 0.00,30.00,30.53,53.66,27.19,49.57,12.99,32.50, 0.00,64.00,43.75,80.00, 0.00,40.00,47.37,71.34,42.98,68.70,24.68,51.25,北　川　　太　一,市　川　　哲　也,佐　藤　　大　騎,妹　尾　　忠　幸,中　村　　聡　志,入　澤　　友　治,4718,3499,4651,4089,4916,4059, 0.00, 7.20, 4.31, 6.40, 0.00, 5.00, 4.93, 7.23, 4.60, 6.70, 3.08, 5.15
2019-04-01,芦　屋,5,,,,,,,,,,,,,,,,,,,.10,,,,,,,,,,,,,,,,,,,,,,,,,,,,,,,,,,,,,,,,,,,,,,,,,,,,,,4,,,,,,,,,,,,,,,,,,,,,,,,,,,,,,,,,,,,,,,,,,,,,,,,,,,,,,4,,,,,,,,,,,,,,,,,,,,,,,,,,,,,,,,,,,,,,,,,,,,,,,,,,,,,,1,,,,,,,,,,,,,,,,,,,,,,,,,,,,,,,,,,,,,,,,,,,,,,,,,,,,,,３,,,,,,,,,,,,,,,,,,,,,,,,,,,,,,,,,,,,0.18,0.19,0.19,0.16,0.20,   -, 44, 21, 29, 53, 30, 20, 41.85, 38.30, 40.00, 41.04, 31.19, 32.87, 59.47, 58.30, 52.34, 55.66, 48.17, 46.30, 51, 39, 30,  2, 48,  1, 28.85, 32.81, 35.11, 38.69, 36.65, 36.27, 44.23, 56.77, 49.47, 62.81, 48.17, 53.92,F1,F0,F0,F0,F0,F0,L0,L0,L0,L0,L0,L0,16.28,31.58,29.73,41.18,66.67, 0.00,37.50,44.44,20.51,23.88,47.37, 0.00,51.16,42.11,51.35,55.88,83.33, 0.00,63.64,64.65,39.74,43.28,57.89, 5.41,若　狭　　奈美子,廣　中　　智紗衣,高　田　　　　綾,池　田　　浩　美,金　田　　幸　子,上　田　　紗　奈,4373,4117,4694,3932,4065,5057, 4.58, 5.16, 4.97, 5.53, 7.83, 0.00, 5.92, 6.49, 4.41, 4.37, 5.97, 1.68
2019-04-01,戸　田,6,.12,.08,.09,,.09,.16,.22,,,.04,.27,.21,,.08,.12,.35,,,.24,,.14,.15,.06,,.17,.06,,.13,,.15,.11,.12,,.15,.17,,.18,.22,.21,,.22,.05,.16,,.15,.11,.16,.13,,.07,.13,.15,.21,,2,5,3,,1,6,6,,,5,2,5,,4,4,1,,,5,,1,4,2,,6,3,,6,,5,4,1,,4,2,,6,4,2,,3,5,1,,3,1,2,1,,2,2,2,1,,2,5,3,,1,4,6,,,5,2,6,,3,4,1,,,5,,1,4,2,,6,3,,6,,5,3,1,,4,2,,6,4,2,,3,5,1,,3,1,2,5,,6,3,4,1,,2,6,1,,4,12,11,,,7,11,6,,6,10,5,,,5,,5,9,8,,6,12,,3,,5,11,9,,6,9,,4,11,2,,1,5,4,,1,7,12,11,,4,9,4,10,,５,４,１,,３,４,６,,,２,５,１,,１,２,３,,,２,,２,２,２,,６,３,,５,,４,３,１,,５,４,,６,６,１,,３,５,３,,２,１,２,１,,１,２,１,４,,0.19,0.16,0.19,0.16,0.18,0.14, 39, 35, 68, 34, 27, 54, 34.44, 38.16, 37.50, 36.54, 28.40, 35.71, 49.01, 53.29, 52.08, 51.92, 45.68, 55.84, 53, 41, 63,  8, 35, 52, 34.52, 30.67, 21.98, 34.48, 29.68, 32.72, 51.79, 48.47, 35.16, 48.97, 47.74, 52.47,F0,F0,F0,F0,F0,F1,L0,L0,L0,L0,L0,L0,11.76,41.67,40.00, 0.00,23.81,57.14,25.64,29.91,33.86,33.65,20.00,56.60,47.06,50.00,66.67, 0.00,42.86,80.95,53.85,53.27,58.27,61.54,36.47,71.70,寺　本　　昇　平,伊　藤　　喜　智,柘　植　　政　浩,下　田　　哲　也,庄　司　　孝　輔,今　村　　暢　孝,3947,4389,4120,3832,4360,3265, 4.65, 5.08, 6.20, 0.00, 4.95, 7.24, 5.37, 5.09, 5.66, 5.98, 4.14, 6.80
2019-04-01,浜名湖,6,.10,,.19,.21,,,,,,.04,.13,.15,,,,,,,.19,.15,.21,,,,,,,.16,.16,.18,,.17,,,,,.21,,.15,.20,,,,,,.11,.29,.08,,,,,,,3,,5,2,,,,,,1,4,4,,,,,,,4,2,1,,,,,,,5,3,2,,1,,,,,3,,1,4,,,,,,2,5,4,,,,,,,3,,5,2,,,,,,1,4,3,,,,,,,4,2,1,,,,,,,5,3,2,,1,,,,,3,,1,4,,,,,,2,5,3,,,,,,,5,,4,10,,,,,,4,12,7,,,,,,,6,11,10,,,,,,,4,11,3,,1,,,,,12,,4,9,,,,,,1,7,5,,,,,,,３,,５,３,,,,,,１,６,１,,,,,,,２,３,１,,,,,,,４,５,６,,１,,,,,５,,１,３,,,,,,５,６,５,,,,,,,0.19,0.15,0.16,0.17,0.15,0.16, 74, 45, 39, 20, 65, 27, 25.84, 29.55, 30.43, 21.05, 32.46, 34.51, 34.83, 46.59, 43.48, 35.79, 49.12, 50.44, 51, 66, 29, 31, 64,  6, 28.02, 35.09, 48.48, 35.74, 28.11, 36.00, 48.35, 49.56, 67.10, 49.36, 43.78, 55.11,F0,F1,F0,F0,F1,F0,L0,L0,L0,L0,L0,L0,17.24,31.25,29.41,25.00,47.83,19.05,24.75,47.52,32.50,21.65,49.19,24.74,37.93,43.75,41.18,37.50,56.52,28.57,47.52,61.39,54.17,30.93,69.35,42.27,深　澤　　達　徳,金　子　　賢　志,藤　本　　佳　史,小　黒　　竜　吾,小　坂　　尚　哉,小　川　　時　光,4114,4539,3350,3748,4295,4186, 4.24, 5.00, 5.12, 4.50, 6.22, 3.52, 4.86, 6.14, 5.48, 4.20, 6.65, 4.42
2019-04-01,蒲　郡,6,,,,,,,,,,,,,,,,,,,.16,,,,,,,,,.23,,,,,,,,,,,,,,,,,,,,,,,,,,,,,,,,,,,,,,,,,,,,,3,,,,,,,,,3,,,,,,,,,,,,,,,,,,,,,,,,,,,,,,,,,,,,,,,,,,,,,2,,,,,,,,,3,,,,,,,,,,,,,,,,,,,,,,,,,,,,,,,,,,,,,,,,,,,,,1,,,,,,,,,2,,,,,,,,,,,,,,,,,,,,,,,,,,,,,,,,,,,,,,,,,,,,,５,,,,,,,,,３,,,,,,,,,,,,,,,,,,,,,,,,,,,0.19,0.16,0.20,0.23,0.16,0.17, 18, 22, 26, 63, 17, 41, 31.65, 31.11, 33.00, 40.67, 24.73, 36.59, 53.21, 47.56, 49.50, 55.50, 38.71, 53.66, 67, 13, 53, 72, 77, 49, 43.46, 30.11, 29.94, 40.63, 30.94, 28.78, 58.88, 41.94, 49.10, 60.42, 48.43, 44.88,F0,F0,F1,F0,F0,F0,L0,L0,L0,L0,L0,L0, 0.00,50.00, 0.00,13.33,33.33, 0.00,29.36,48.39,22.54,23.86,34.34,28.57, 0.00,60.00, 0.00,26.67,55.56,25.00,50.46,66.13,35.21,38.64,56.57,44.64,竹　田　　吉　行,松　本　　勝　也,富　永　　　　茂,前　川　　竜　次,武　重　　雄　介,磯　村　　　　匠,4383,3529,3491,3153,4263,4641, 0.00, 6.20, 1.00, 3.40, 5.56, 2.63, 5.28, 6.48, 3.99, 4.39, 5.71, 4.88
2019-04-01,三　国,6,,,,,,,,,,,,,,,,,,,,,,,,,,,,,,,,,,,,,,,,,,,,,,,,,,,,,,,,,,,,,,,,,,,,,,,,,,,,,,,,,,,,,,,,,,,,,,,,,,,,,,,,,,,,,,,,,,,,,,,,,,,,,,,,,,,,,,,,,,,,,,,,,,,,,,,,,,,,,,,,,,,,,,,,,,,,,,,,,,,,,,,,,,,,,,,,,,,,,,,,,,,,,,,,,,,,,,,,,,,,,,,,,,,,,,,,,,,,,,,,,,,,,,,,,,,,,,,,,,,,,,,,,,,,,,,0.15,0.13,0.17,0.14,   -,0.14, 37, 47, 16, 12, 25, 35,  0.00,  0.00,  0.00,  0.00,  0.00,  0.00,  0.00,  0.00,  0.00,  0.00,  0.00,  0.00, 45, 59, 60, 48, 55, 23,  0.00,  0.00,  0.00,  0.00,  0.00,  0.00,  0.00,  0.00,  0.00,  0.00,  0.00,  0.00,F0,F0,F0,F1,F1,F0,L0,L0,L0,L0,L0,L0,44.44,33.33, 0.00, 0.00, 0.00,65.52,29.63,38.71,25.84,42.70, 4.88,50.00,51.85,83.33, 0.00, 0.00, 0.00,86.21,43.21,55.65,37.08,57.30, 7.32,63.93,小　西　　英　輝,伊　藤　　誠　二,金　森　　史　吉,小　林　　　　泰,品　川　　二千翔,島　川　　光　男,4056,3713,3234,4401,5064,3158, 5.56, 6.67, 2.00, 0.00, 0.00, 7.86, 4.67, 5.77, 4.27, 5.83, 2.10, 6.35
2019-04-01,住之江,6,,,,,,,,,,,,,,,,,,,,,,,,,,,,,,,,,,,,,,,,,,,,,,,,,,,,,,,,,,,,,,,,,,,,,,,,,,,,,,,,,,,,,,,,,,,,,,,,,,,,,,,,,,,,,,,,,,,,,,,,,,,,,,,,,,,,,,,,,,,,,,,,,,,,,,,,,,,,,,,,,,,,,,,,,,,,,,,,,,,,,,,,,,,,,,,,,,,,,,,,,,,,,,,,,,,,,,,,,,,,,,,,,,,,,,,,,,,,,,,,,,,,,,,,,,,,,,,,,,,,,,,,,,,,,,,0.26,0.14,0.19,0.16,0.15,0.16, 66, 54, 10, 87, 30, 39, 20.00, 28.57, 28.57, 25.00, 40.00, 37.50, 40.00, 85.71, 42.86, 37.50, 60.00, 62.50, 61, 36, 24, 51, 63, 57,  0.00, 28.57, 16.67, 15.38, 33.33, 16.67, 15.38, 42.86, 33.33, 30.77, 55.56, 16.67,F0,F0,F0,F1,F1,F0,L0,L0,L0,L0,L0,L0,14.29,50.00,46.15,11.76,22.22,51.35,14.81,52.59,24.42,21.95,47.06,49.59,21.43,65.79,61.54,23.53,38.89,78.38,28.40,61.21,44.19,30.49,63.24,64.46,小　澤　　　　学,服　部　　幸　男,沖　　　　　　悟,大　谷　　健　太,吉　田　　凌太朗,山　地　　正　樹,4145,3422,3186,4836,4903,3933, 3.50, 6.76, 6.08, 3.29, 4.83, 7.08, 3.63, 6.57, 4.58, 4.15, 6.15, 6.47
2019-04-01,丸　亀,6,.19,,.22,.28,.21,,.33,,,.36,,.19,.27,.13,.14,,,,.23,,.16,.19,.10,.16,,,,.10,,.25,.28,.17,,.13,,,.13,.16,.15,,.06,,,,,.18,.29,.22,,.14,.25,,,,4,,6,3,2,,5,,,3,,4,1,5,6,,,,5,,4,4,1,2,,,,1,,2,3,6,,5,,,1,2,4,,3,,,,,4,2,1,,5,3,,,,4,,6,3,2,,5,,,3,,4,1,5,6,,,,5,,6,4,1,2,,,,1,,2,3,6,,5,,,1,2,4,,3,,,,,4,2,1,,5,3,,,,4,,2,9,4,,2,,,9,,6,11,4,11,,,,9,,4,11,8,12,,,,6,,2,11,5,,1,,,1,11,8,,9,,,,,1,9,3,,1,12,,,,２,,６,６,５,,４,,,４,,５,１,２,４,,,,５,,２,４,１,２,,,,２,,１,６,４,,転,,,１,２,３,,１,,,,,４,２,６,,６,５,,,,0.19,0.18,0.13,0.20,0.19,0.19, 24,  3, 14, 36, 35, 30, 34.03, 34.52, 36.13, 43.51, 42.11, 36.71, 45.14, 54.17, 53.55, 62.99, 55.64, 48.10, 41, 55,  8, 58, 51,  3, 40.00, 27.85, 26.58, 36.14, 39.76, 31.08, 65.00, 49.37, 46.84, 55.42, 59.04, 45.95,F0,F0,F1,F0,F0,F1,L0,L0,L0,L0,L0,L0, 9.09,58.82, 0.00,20.00,38.76,16.67,36.36,42.06,46.55,24.59,38.10,22.22,27.27,64.71, 0.00,40.00,66.67,50.00,54.55,57.94,64.66,39.34,64.63,31.94,新　地　　雅　洋,樋　口　　　　亮,中　辻　　崇　人,田　上　　晋　六,小野寺　　智　洋,寺　島　　吉　彦,3079,3777,3876,3236,3975,4723, 3.00, 6.18, 0.00, 4.20, 6.04, 4.83, 5.45, 5.94, 6.59, 4.39, 5.94, 4.00
2019-04-01,芦　屋,6,,,,,,,,,,,,,,,,,,,,,,,,,,,,.21,,,,,,,,,.03,,,,,,,,,,,,,,,,,,,,,,,,,,,,,,,,,,,,,,,,,,,,,3,,,,,,,,,6,,,,,,,,,,,,,,,,,,,,,,,,,,,,,,,,,,,,,,,,,,,,,3,,,,,,,,,6,,,,,,,,,,,,,,,,,,,,,,,,,,,,,,,,,,,,,,,,,,,,,2,,,,,,,,,1,,,,,,,,,,,,,,,,,,,,,,,,,,,,,,,,,,,,,,,,,,,,,２,,,,,,,,,５,,,,,,,,,,,,,,,,,,0.17,0.14,0.19,0.20,0.16,0.18, 50, 51, 69, 70, 54, 57, 33.33, 34.68, 40.35, 32.43, 35.59, 33.48, 49.78, 53.15, 60.96, 50.00, 47.30, 49.57, 63, 33,  3,  8, 21, 14, 32.78, 30.10, 39.39, 34.02, 34.52, 40.30, 48.33, 46.94, 53.54, 52.06, 53.81, 55.72,F1,F0,F1,F0,F0,F0,L0,L0,L0,L0,L0,L0, 0.00,40.00,33.33,31.58,12.50,57.69,24.05,45.54,36.89,21.70,16.98,38.46, 0.00,46.67,53.33,52.63,12.50,61.54,44.30,59.82,62.14,36.79,26.42,57.69,原　　　　加央理,岸　　　　恵　子,深　川　　麻奈美,福　島　　陽　子,佐　藤　　享　子,香　川　　素　子,4419,3674,4447,3357,4806,3900, 0.00, 6.60, 4.93, 5.16, 1.88, 7.19, 4.57, 6.23, 5.78, 4.36, 3.38, 5.82
2019-04-01,戸　田,7,.24,.21,.20,,.21,.05,.12,.27,,.26,.17,.18,,.12,.17,.10,,.14,.16,,.20,,.17,.12,.13,.22,,.26,,.12,.14,.05,,.06,.13,,.04,,.31,.40,.24,,.09,.18,,.17,.13,.22,,.17,.16,.14,,,2,5,1,,5,6,4,4,,6,3,2,,1,4,3,,5,6,,3,,2,5,1,3,,4,,5,6,4,,6,5,,6,,6,6,6,,6,6,,5,3,1,,4,2,3,,,2,5,1,,4,6,3,4,,6,3,2,,1,4,3,,5,6,,4,,2,5,1,3,,4,,5,6,4,,6,5,,6,,6,5,6,,6,5,,5,3,1,,4,2,3,,,5,11,6,,4,11,3,9,,1,8,7,,2,7,1,,1,2,,7,,1,9,1,10,,5,,1,5,5,,1,6,,7,,2,6,2,,2,7,,2,10,3,,1,7,2,,,３,１,２,,４,４,４,５,,５,６,３,,４,４,１,,３,６,,５,,２,４,２,６,,１,,５,６,６,,６,４,,６,,６,６,６,,５,６,,４,５,５,,５,５,１,,,0.19,0.16,0.18,0.18,0.21,0.16, 60, 51, 30, 15, 76, 12, 28.67, 23.53, 37.91, 26.67, 38.46, 33.77, 46.15, 40.44, 58.82, 47.33, 50.00, 56.95, 20,  6, 49, 17, 36, 50, 28.26, 24.84, 33.85, 25.50, 34.97, 21.78, 46.38, 45.10, 50.26, 40.94, 46.99, 40.59,F0,F1,F0,F1,F0,F1,L0,L0,L0,L0,L0,L0,38.89,25.00,52.94, 0.00, 0.00,17.91,46.39,11.67,28.97, 8.57, 0.00,14.74,55.56,51.25,64.71, 0.00, 0.00,34.33,67.01,36.67,45.79,25.71, 0.00,41.05,荻　野　　裕　介,小　澤　　和　也,森　　　　弘　行,馬　野　　　　耀,金　子　　千　穂,一　柳　　和　孝,4085,4110,3467,4977,5030,3772, 5.56, 4.99, 6.06, 1.38, 1.15, 4.21, 6.40, 3.83, 4.92, 3.39, 1.14, 4.55
2019-04-01,浜名湖,7,.12,,.16,.15,,,,,,.27,,.22,.23,.23,,,,,.10,.19,.27,,.12,,,,,.16,,.14,.15,,,,,,.37,,.09,.25,,,,,,.19,.23,.33,,.21,,,,,3,,3,5,,,,,,2,,2,2,4,,,,,2,6,1,,4,,,,,6,,3,1,,,,,,2,,3,4,,,,,,5,6,6,,4,,,,,3,,2,6,,,,,,1,,3,5,4,,,,,2,6,1,,4,,,,,6,,3,1,,,,,,2,,3,4,,,,,,5,6,6,,4,,,,,9,,2,10,,,,,,8,,2,7,1,,,,,5,10,6,,3,,,,,12,,3,8,,,,,,2,,1,8,,,,,,1,9,4,,2,,,,,３,,１,４,,,,,,６,,４,５,２,,,,,２,５,３,,４,,,,,３,,２,２,,,,,,６,,３,５,,,,,,３,５,６,,５,,,,,0.19,0.19,0.17,0.14,0.18,0.13, 34, 55, 46, 14, 33, 30, 25.51, 33.04, 30.93, 37.96, 35.09, 33.33, 40.82, 44.64, 47.42, 51.85, 64.04, 53.15,  9, 50, 27, 17, 37, 15, 28.79, 25.70, 27.23, 30.52, 35.86, 27.27, 46.46, 39.66, 41.78, 44.13, 52.99, 47.37,F0,F0,F0,F1,F0,F1,L0,L0,L0,L0,L0,L0,47.37,27.78,47.66,47.06,17.86,20.00,40.50,41.56,48.05,47.58,29.07,22.86,73.68,61.11,66.41,70.59,21.43,60.00,66.12,57.14,68.18,64.52,44.19,35.71,赤　羽　　克　也,原　田　　富士男,石　田　　章　央,奈　須　　啓　太,富　澤　　祐　作,山　下　　昂　大,4191,3360,3811,4330,4887,4842, 6.84, 5.61, 6.21, 6.50, 3.21, 5.40, 6.19, 5.83, 6.25, 6.31, 4.60, 4.07
2019-04-01,蒲　郡,7,,,,,,,,,,,,,,,,,,,.22,,,,,,,,,,,,,,,,,,.19,,,,,,,,,.16,,,,,,,,,,,,,,,,,,,,,,,,,,,5,,,,,,,,,,,,,,,,,,4,,,,,,,,,5,,,,,,,,,,,,,,,,,,,,,,,,,,,5,,,,,,,,,,,,,,,,,,4,,,,,,,,,5,,,,,,,,,,,,,,,,,,,,,,,,,,,2,,,,,,,,,,,,,,,,,,3,,,,,,,,,1,,,,,,,,,,,,,,,,,,,,,,,,,,,２,,,,,,,,,,,,,,,,,,１,,,,,,,,,６,,,,,,,,,0.18,0.20,0.21,0.15,0.16,0.19, 52, 40, 33, 59, 62, 37, 36.97, 35.44, 39.25, 38.31, 38.81, 37.21, 51.66, 50.49, 52.69, 51.74, 57.99, 53.95, 60, 20, 12, 19, 24, 46, 38.57, 33.82, 36.27, 42.64, 31.80, 32.34, 58.10, 46.86, 51.47, 58.88, 50.69, 50.64,F0,F0,F0,F1,F0,F0,L0,L0,L0,L0,L0,L0, 0.00,32.14,11.76,46.43,35.00, 0.00,48.03,26.47,15.38,43.62,39.80, 0.00, 0.00,42.86,29.41,60.71,55.00, 0.00,70.08,39.22,29.67,59.57,56.12, 4.35,丸　尾　　義　孝,菅　沼　　佳　昭,崎　　　　利　仁,荒　井　　輝　年,有　賀　　達　也,宮　田　　龍　馬,3333,3922,3973,3685,4428,5016, 0.00, 5.11, 4.35, 6.36, 5.75, 0.00, 6.46, 4.33, 4.16, 6.22, 5.72, 1.89
2019-04-01,三　国,7,.21,,,,,,,,,,,,,,,,,,,,,,,,,,,,,,,,,,,,.14,,,,,,,,,.25,,,,,,,,,4,,,,,,,,,,,,,,,,,,,,,,,,,,,,,,,,,,,,1,,,,,,,,,6,,,,,,,,,4,,,,,,,,,,,,,,,,,,,,,,,,,,,,,,,,,,,,1,,,,,,,,,5,,,,,,,,,3,,,,,,,,,,,,,,,,,,,,,,,,,,,,,,,,,,,,2,,,,,,,,,1,,,,,,,,,４,,,,,,,,,,,,,,,,,,,,,,,,,,,,,,,,,,,,１,,,,,,,,,６,,,,,,,,,0.16,0.16,0.16,0.16,0.16,0.14, 51, 17, 36, 50, 52, 46,  0.00,  0.00,  0.00,  0.00,  0.00,  0.00,  0.00,  0.00,  0.00,  0.00,  0.00,  0.00, 16, 30, 53, 32, 22, 46,  0.00,  0.00,  0.00,  0.00,  0.00,  0.00,  0.00,  0.00,  0.00,  0.00,  0.00,  0.00,F0,F0,F0,F0,F0,F1,L0,L0,L0,L0,L0,L0,33.33,26.67,16.67,62.07,37.19,16.67,41.05,45.60,11.90,39.76,38.38,25.40,50.00,40.00,25.00,82.76,55.37,46.67,52.63,68.00,29.76,59.04,53.54,39.68,金　子　　良　昭,小　宮　　淳　史,白　井　　弘　文,西　村　　　　勝,土　山　　卓　也,小　池　　哲　也,3156,3890,3723,3589,4469,4788, 5.25, 4.73, 3.42, 7.48, 5.74, 4.23, 5.77, 6.29, 3.71, 5.65, 5.94, 4.37
2019-04-01,住之江,7,,,,,,,,,,.17,,,,,,,,,,,,,,,,,,.10,,,,,,,,,,,,,,,,,,,,,,,,,,,,,,,,,,,,1,,,,,,,,,,,,,,,,,,2,,,,,,,,,,,,,,,,,,,,,,,,,,,,,,,,,,,,1,,,,,,,,,,,,,,,,,,2,,,,,,,,,,,,,,,,,,,,,,,,,,,,,,,,,,,,3,,,,,,,,,,,,,,,,,,1,,,,,,,,,,,,,,,,,,,,,,,,,,,,,,,,,,,,４,,,,,,,,,,,,,,,,,,２,,,,,,,,,,,,,,,,,,,,,,,,,,,0.15,0.18,0.15,0.17,0.17,0.17, 69, 24, 86, 33, 78, 92, 25.00, 23.08, 22.22, 33.33, 25.00,  0.00, 62.50, 30.77, 88.89, 41.67, 37.50, 12.50, 58, 25, 85, 20, 82, 32, 26.67, 28.57, 25.00, 21.43, 14.29,  7.69, 66.67, 42.86, 62.50, 42.86, 14.29, 23.08,F0,F0,F0,F0,F0,F0,L0,L0,L0,L0,L0,L0,50.00, 0.00,63.16,30.00,44.44,14.29,35.56,30.86,66.36,39.24,37.14,19.51,66.67, 0.00,78.95,60.00,88.89,14.29,52.22,51.85,82.73,54.43,53.33,39.02,岸　蔭　　　　亮,山　崎　　　　毅,辻　　　　栄　蔵,畔　柳　　俊　吾,渡　邉　　睦　広,深　山　　祐　二,4404,2903,3719,4306,3385,3974, 6.67, 0.00, 8.21, 5.50, 6.78, 3.29, 5.48, 5.09, 8.02, 5.35, 5.49, 4.21
2019-04-01,丸　亀,7,.34,.11,.07,,.15,,.15,,,.30,,.31,.14,.18,.26,,,,.21,.14,.25,,.28,.19,,,,.17,.09,.19,.06,.16,.23,,,,.23,,.28,.11,.25,,.37,,,.16,.19,.25,,.24,.26,,,,2,6,5,,3,,4,,,4,,1,5,3,6,,,,6,3,2,,4,1,,,,4,5,1,3,6,2,,,,6,,4,1,3,,2,,,3,5,2,,4,1,,,,2,6,5,,3,,4,,,4,,1,5,3,6,,,,6,3,2,,4,1,,,,4,5,1,3,6,2,,,,6,,4,1,3,,2,,,3,5,2,,4,1,,,,4,11,5,,8,,3,,,8,,1,10,3,12,,,,7,11,8,,5,11,,,,5,10,8,12,3,7,,,,5,,2,7,2,,2,,,1,7,4,,2,7,,,,４,５,４,,５,,６,,,３,,４,３,４,４,,,,６,４,１,,３,２,,,,３,２,２,２,３,５,,,,５,,５,２,５,,２,,,２,４,１,,２,４,,,,0.18,0.18,0.18,0.14,0.19,0.16, 10, 16, 40, 39, 33, 18, 36.30, 25.18, 32.65, 37.58, 33.33, 26.90, 52.05, 37.41, 48.30, 55.41, 53.59, 45.52, 15, 59, 61, 54, 31, 65, 51.32, 44.58, 15.25, 26.92, 26.03, 54.55, 59.21, 61.45, 27.12, 50.00, 41.10, 68.83,F1,F0,F0,F0,F0,F1,L0,L0,L0,L0,L0,L0,26.32,25.00,62.50,44.44, 0.00,46.43,28.41,32.14,59.06,42.86,26.26,41.96,47.37,56.25,87.50,55.56, 0.00,82.14,47.73,45.54,77.78,58.73,44.44,63.39,相　原　　利　章,山　本　　浩　輔,岡　田　　憲　行,金　子　　拓　矢,一　色　　雅　昭,川　原　　正　明,4540,4004,3872,4305,3536,3912, 4.84, 5.44, 7.75, 6.44, 0.00, 6.71, 5.02, 4.99, 7.17, 6.29, 4.80, 6.05
2019-04-01,芦　屋,7,,,,,,,,,,.17,,,,,,,,,.05,,,,,,,,,.13,,,,,,,,,,,,,,,,,,,,,,,,,,,,,,,,,,,,6,,,,,,,,,2,,,,,,,,,6,,,,,,,,,,,,,,,,,,,,,,,,,,,,,,,,,,,,6,,,,,,,,,2,,,,,,,,,6,,,,,,,,,,,,,,,,,,,,,,,,,,,,,,,,,,,,2,,,,,,,,,1,,,,,,,,,3,,,,,,,,,,,,,,,,,,,,,,,,,,,,,,,,,,,,６,,,,,,,,,１,,,,,,,,,４,,,,,,,,,,,,,,,,,,,,,,,,,,,0.20,0.19,0.19,0.17,0.18,0.19, 71, 11, 17, 23, 27, 58, 30.91, 34.23, 31.51, 33.76, 37.10, 31.92, 51.36, 50.90, 47.95, 51.28, 52.04, 49.30,  6, 49, 25, 31, 32, 20, 40.09, 37.43, 35.20, 25.15, 42.64, 28.00, 56.13, 57.22, 50.51, 45.40, 59.90, 44.00,F0,F0,F0,F0,F0,F0,L0,L0,L0,L0,L0,L0, 0.00, 0.00,29.73, 0.00, 0.00, 0.00,14.29,19.42,22.11,22.06,20.63,11.32,37.50,13.33,48.65,20.00, 0.00, 0.00,27.47,31.07,48.42,38.24,34.92,30.19,宮　本　　紀　美,武　藤　　綾　子,水　口　　由　紀,三　松　　直　美,渡　邉　　真奈美,伊　藤　　玲　奈,3177,3604,3580,3943,4893,4744, 3.88, 2.80, 5.16, 3.00, 2.20, 2.11, 3.88, 3.94, 4.82, 4.15, 3.97, 3.70
2019-04-01,戸　田,8,.09,.17,.11,,.19,.05,.11,,,.24,,.09,.14,.09,,.07,.07,,.17,,.07,.13,.02,,.14,.17,,.07,,.24,.39,.11,,.19,.13,,.09,,.25,.19,.14,,.11,.09,.13,.25,,.23,.24,.22,,.16,.39,,4,6,3,,6,2,1,,,1,,3,2,4,,4,6,,5,,4,1,3,,6,2,,3,,4,6,6,,1,2,,1,,5,4,6,,3,3,2,3,,1,5,5,,3,3,,4,6,3,,5,2,1,,,1,,3,2,5,,4,6,,5,,4,1,3,,6,2,,3,,4,6,5,,1,2,,1,,5,4,6,,2,3,2,3,,1,4,5,,2,3,,3,11,8,,4,10,9,,,4,,5,10,12,,5,12,,4,,4,10,8,,3,10,,2,,3,10,3,,2,12,,8,,3,12,7,,3,8,1,9,,2,8,2,,4,7,,４,４,４,,６,３,２,,,１,,３,３,５,,５,２,,３,,５,１,６,,６,５,,３,,２,６,５,,４,４,,１,,３,５,３,,５,６,１,４,,３,６,５,,４,４,,0.17,0.16,0.15,0.18,0.19,0.21, 58, 75, 47, 46, 29, 25, 28.37, 35.76, 34.00, 26.43, 33.33, 35.11, 43.97, 54.30, 52.67, 42.14, 45.51, 48.09,  5, 60, 64,  2, 39, 25, 36.17, 29.63, 28.14, 29.75, 38.99, 39.10, 58.51, 46.30, 45.51, 44.94, 56.60, 58.97,F0,F0,F0,F0,F0,F0,L0,L0,L0,L0,L0,L0,52.08,43.48,28.57,14.29,22.22,53.13,32.67,45.10,36.89,17.28,22.83,28.75,62.50,56.52,42.86,28.57,22.22,59.38,51.49,65.69,56.56,29.63,34.78,45.00,上　田　　洋　平,山　崎　　哲　司,永　嶋　　裕　一,藤　原　　真　也,松　尾　　光　広,野　田　　祥　子,3896,4080,4394,4185,4557,4088, 5.96, 5.87, 4.29, 3.71, 3.56, 5.66, 5.22, 6.19, 5.49, 3.75, 4.25, 4.48
2019-04-01,浜名湖,8,.14,.11,.18,,.17,,,,,.19,,.09,.11,,,,,,.21,.09,.22,,.08,,,,,.18,.25,.13,,.17,,,,,.11,.17,.10,,.21,,,,,.23,,.22,.08,,,,,,4,2,6,,3,,,,,1,,4,6,,,,,,6,1,5,,2,,,,,6,2,3,,5,,,,,6,2,1,,3,,,,,2,,4,1,,,,,,4,2,6,,3,,,,,1,,4,5,,,,,,5,1,6,,2,,,,,6,2,3,,5,,,,,6,2,1,,3,,,,,2,,4,1,,,,,,5,9,8,,1,,,,,6,,1,10,,,,,,2,9,11,,3,,,,,1,10,9,,4,,,,,5,12,12,,2,,,,,6,,3,9,,,,,,５,４,６,,４,,,,,６,,２,６,,,,,,３,１,５,,２,,,,,４,６,４,,６,,,,,４,２,２,,３,,,,,３,,１,１,,,,,,0.16,0.19,0.18,0.16,0.14,0.14, 70, 75, 36, 47, 35, 21, 38.74, 40.71, 39.29, 16.04, 30.00, 30.53, 47.75, 56.64, 52.68, 32.08, 53.64, 43.16, 63, 23, 24, 62, 16, 59, 37.83, 42.55, 34.42, 37.67, 39.74, 37.27, 56.09, 56.60, 52.56, 51.12, 56.33, 52.73,F0,F0,F0,F0,F0,F0,L0,L0,L0,L0,L0,L0,45.71,30.00,44.44,34.38,44.44,37.50,37.12,27.52,40.91,28.70,48.33,49.32,71.43,30.00,55.56,43.75,66.67,71.88,56.06,44.95,65.15,46.09,70.83,69.86,上　之　　晃　弘,谷　川　　将　太,長　尾　　章　平,亀　山　　高　雅,渡　辺　　浩　司,山　田　　雄　太,3843,4603,4264,3970,4256,4150, 6.54, 4.30, 5.56, 4.88, 7.33, 6.47, 5.47, 4.75, 6.36, 4.88, 6.70, 6.58
2019-04-01,蒲　郡,8,,,,,,,,,,,,,,,,,,,,,,,,,,,,.44,,,,,,,,,.18,,,,,,,,,,,,,,,,,,,,,,,,,,,,,,,,,,,,,,,,,,,,,2,,,,,,,,,6,,,,,,,,,,,,,,,,,,,,,,,,,,,,,,,,,,,,,,,,,,,,,2,,,,,,,,,4,,,,,,,,,,,,,,,,,,,,,,,,,,,,,,,,,,,,,,,,,,,,,3,,,,,,,,,4,,,,,,,,,,,,,,,,,,,,,,,,,,,,,,,,,,,,,,,,,,,,,５,,,,,,,,,５,,,,,,,,,,,,,,,,,,0.16,0.17,0.17,0.15,0.16,0.19, 30, 49, 19, 15, 39, 53, 35.47, 36.18, 34.22, 32.20, 33.33, 29.19, 52.71, 52.26, 50.22, 49.76, 53.33, 46.49, 40, 41, 54, 17, 25, 62, 47.25, 39.06, 33.77, 46.35, 28.32, 33.60, 61.01, 57.94, 51.08, 65.63, 46.24, 48.99,F0,F0,F0,F0,F1,F0,L0,L0,L0,L0,L0,L0,77.78,22.22,35.71,42.37,36.67,60.00,57.03,25.00,36.28,35.87,27.71,55.24,88.89,37.04,50.00,57.63,43.33,60.00,75.00,41.30,63.72,55.43,43.37,67.62,大　場　　　　敏,齋　藤　　　　勇,貞　兼　　淳　二,川　上　　聡　介,中　山　　　　将,田　中　　和　也,3489,3277,3702,3848,4797,4357, 8.22, 4.41, 5.21, 5.75, 4.67, 6.30, 7.15, 4.54, 5.87, 5.57, 4.84, 6.54
2019-04-01,三　国,8,,,,,,,,,,.14,,,,,,,,,,,,,,,,,,,,,,,,,,,,,,,,,,,,.23,,,,,,,,,,,,,,,,,,5,,,,,,,,,,,,,,,,,,,,,,,,,,,,,,,,,,,,2,,,,,,,,,,,,,,,,,,6,,,,,,,,,,,,,,,,,,,,,,,,,,,,,,,,,,,,2,,,,,,,,,,,,,,,,,,2,,,,,,,,,,,,,,,,,,,,,,,,,,,,,,,,,,,,4,,,,,,,,,,,,,,,,,,５,,,,,,,,,,,,,,,,,,,,,,,,,,,,,,,,,,,,１,,,,,,,,,0.18,0.17,0.15,0.15,0.16,0.15, 48, 23, 38, 40, 21, 53,  0.00,  0.00,  0.00,  0.00,  0.00,  0.00,  0.00,  0.00,  0.00,  0.00,  0.00,  0.00, 21, 51, 54, 58, 56, 20,  0.00,  0.00,  0.00,  0.00,  0.00,  0.00,  0.00,  0.00,  0.00,  0.00,  0.00,  0.00,F1,F0,F0,F0,F1,F0,L0,L0,L0,L0,L0,L0,27.27,23.08,54.05,63.64,35.29, 0.00,22.39,26.53,48.72,47.37,27.03,50.41,50.00,38.46,62.16,75.76,47.06, 0.00,58.21,41.84,70.09,63.91,48.65,66.12,木　山　　誠　一,村　田　　浩　司,木　下　　翔　太,伊　藤　　啓　三,横　井　　健　太,菅　　　　章　哉,3866,4226,4659,3838,3776,4571, 4.64, 4.04, 7.27, 7.09, 5.65, 0.00, 5.31, 4.61, 7.20, 6.28, 4.59, 6.63
2019-04-01,住之江,8,.16,,,,,,,,,,,,,,,,,,.24,,,,,,,,,,,,,,,,,,,,,,,,,,,,,,,,,,,,2,,,,,,,,,,,,,,,,,,5,,,,,,,,,,,,,,,,,,,,,,,,,,,,,,,,,,,,2,,,,,,,,,,,,,,,,,,5,,,,,,,,,,,,,,,,,,,,,,,,,,,,,,,,,,,,3,,,,,,,,,,,,,,,,,,1,,,,,,,,,,,,,,,,,,,,,,,,,,,,,,,,,,,,２,,,,,,,,,,,,,,,,,,５,,,,,,,,,,,,,,,,,,,,,,,,,,,,,,,,,,,,0.19,0.17,0.21,0.18,0.16,0.13, 67, 94, 56, 21, 79, 72, 40.00, 33.33, 33.33, 20.00, 28.57, 33.33, 40.00, 55.56, 50.00, 33.33, 42.86, 77.78, 69, 83, 81, 12, 15, 75, 42.86,  0.00, 14.29, 35.71, 33.33, 50.00, 42.86, 25.00, 14.29, 42.86, 66.67, 75.00,F0,F0,F0,F0,F1,F1,L0,L0,L0,L0,L0,L0,36.07,21.74,28.57,41.94,14.29,41.67,28.18,25.29,16.67,46.09,26.87,32.26,55.74,30.43,42.86,64.52,14.29,55.56,48.18,40.23,34.52,73.04,53.73,41.94,石　川　　吉　鎬,岩　井　　　　繁,小　林　　　　享,明　石　　正　之,岡　本　　　　大,木　下　　陽　介,3951,3797,3673,3828,4248,4104, 5.61, 3.70, 4.57, 6.29, 3.71, 5.69, 4.89, 4.55, 4.17, 6.70, 4.97, 4.47
2019-04-01,丸　亀,8,.14,,.01,.08,.13,.18,,,,.11,.07,.07,,.11,.14,,,,.18,.12,.19,,.11,.09,,,,.28,.16,.19,.05,.06,.18,,,,.22,,.36,.23,.18,,.21,,,.37,,.30,.14,.15,,.34,,,4,,3,6,5,2,,,,4,5,1,,6,4,,,,5,2,1,,4,5,,,,3,6,5,1,2,4,,,,3,,2,6,4,,1,,,1,,3,5,5,,3,,,4,,3,6,5,2,,,,3,5,1,,6,4,,,,5,2,1,,4,6,,,,3,6,5,1,2,4,,,,3,,2,6,4,,1,,,1,,2,4,5,,3,,,7,,5,12,6,11,,,,3,11,9,,1,11,,,,2,10,6,,3,9,,,,5,12,6,10,6,12,,,,2,,3,7,1,,4,,,4,,1,7,3,,2,,,２,,１,４,２,１,,,,６,１,１,,３,５,,,,３,４,１,,２,２,,,,４,４,２,１,１,３,,,,５,,５,５,５,,１,,,６,,１,４,５,,３,,,0.15,0.17,0.18,0.16,0.19,0.18, 32, 38, 61, 20, 12, 59, 32.70, 21.53, 37.04, 32.03, 36.81, 26.09, 51.57, 36.81, 53.70, 49.02, 60.12, 44.20, 45, 48, 66, 40, 44, 23, 40.00, 31.76, 23.53, 34.57, 25.32, 48.10, 51.25, 52.94, 35.29, 55.56, 43.04, 64.56,F0,F0,F0,F0,F1,F1,L0,L0,L0,L0,L0,L0,54.55,23.53,21.05,42.86,20.00,22.22,56.72,36.94,38.68,52.55,15.56,28.57,72.73,52.94,42.11,57.14,20.00,33.33,67.16,56.76,58.49,67.15,30.00,43.96,高　橋　　正　男,前　田　　篤　哉,内　山　　文　典,秦　　　　英　悟,川　俣　　昌　史,林　　　　恵　祐,4133,4983,3105,4427,3791,3928, 6.45, 5.24, 4.68, 6.29, 3.33, 4.22, 6.71, 5.53, 5.75, 6.80, 3.78, 4.59
2019-04-01,芦　屋,8,,,,,,,,,,,,,,,,,,,,,,,,,,,,,,,,,,,,,.23,,,,,,,,,.35,,,,,,,,,,,,,,,,,,,,,,,,,,,,,,,,,,,,,,,,,,,,,2,,,,,,,,,4,,,,,,,,,,,,,,,,,,,,,,,,,,,,,,,,,,,,,,,,,,,,,2,,,,,,,,,4,,,,,,,,,,,,,,,,,,,,,,,,,,,,,,,,,,,,,,,,,,,,,2,,,,,,,,,3,,,,,,,,,,,,,,,,,,,,,,,,,,,,,,,,,,,,,,,,,,,,,４,,,,,,,,,６,,,,,,,,,0.18,0.19,0.21,0.17,0.15,0.25, 39, 47, 34, 52, 24, 46, 33.48, 35.11, 35.90, 32.02, 35.84, 31.51, 51.79, 48.89, 49.57, 50.44, 53.10, 45.66, 45, 38, 59, 42,  4, 24, 40.38, 42.57, 33.16, 46.37, 29.95, 30.77, 57.21, 62.38, 49.47, 61.45, 45.89, 43.08,F0,F1,F0,F0,F0,F0,L0,L0,L0,L0,L0,L0,58.33,42.86, 0.00,54.35,16.67, 0.00,40.71,37.97,10.53,48.92,13.95, 1.56,75.00,57.14, 5.00,69.57,16.67, 0.00,53.10,55.70,15.79,64.75,24.42, 3.13,五反田　　　　忍,松　瀬　　弘　美,梅　内　　夕貴奈,日　高　　逸　子,中　北　　　　涼,下　野　　京　香,3801,3474,4929,3188,4924,4993, 7.11, 5.71, 2.05, 7.26, 3.67, 0.00, 5.56, 5.52, 2.74, 6.58, 3.90, 1.48
2019-04-01,戸　田,9,.10,,.10,.10,.06,,.11,.21,.08,.33,.13,.15,.11,.18,,.10,,.20,.08,.14,.08,,.11,.11,.16,,.19,.15,,.29,.12,.40,,.15,.14,.13,.08,.11,.17,,.14,.23,.15,,.11,.15,.17,.21,,.17,.06,.16,,.21,3,,2,1,6,,5,1,5,1,4,4,2,4,,5,,5,2,5,1,,5,5,6,,2,5,,6,3,1,,3,4,3,1,2,5,,3,6,2,,1,4,1,2,,6,4,5,,1,3,,2,1,6,,4,1,5,1,4,5,2,3,,6,,5,2,5,1,,4,3,6,,2,5,,6,2,1,,3,4,3,1,2,4,,3,5,2,,1,4,1,2,,6,3,5,,1,12,,5,12,8,,3,7,3,1,10,7,12,4,,10,,2,6,10,8,,6,12,9,,5,8,,3,11,6,,6,10,4,2,7,11,,2,6,2,,2,4,10,6,,5,11,8,,5,４,,１,１,３,,３,２,６,１,２,２,４,２,,２,,２,５,６,１,,２,２,１,,１,５,,４,２,４,,１,１,２,１,３,５,,３,６,３,,４,５,３,４,,４,２,３,,３,0.14,0.16,0.15,0.17,0.16,0.17, 64, 56, 33, 66, 62, 52, 32.24, 34.62, 27.89, 32.45, 39.84, 25.66, 51.97, 51.28, 51.70, 53.64, 57.03, 43.42, 18, 48, 57, 40, 31, 22, 27.13, 32.95, 23.46, 31.63, 19.54, 28.44, 48.84, 49.43, 46.91, 47.91, 42.53, 35.78,F1,F1,F0,F0,F1,F0,L0,L0,L0,L0,L0,L0,46.03,44.44,20.00,50.00,27.14,42.86,46.40,36.27,51.82,34.88,18.75,38.89,69.84,59.26,33.33,57.14,51.43,57.14,61.60,48.04,62.73,58.14,40.63,63.49,川　尻　　泰　輔,野　村　　　　誠,船　岡　　洋一郎,田　中　　辰　彦,河　上　　年　昭,眞　田　　英　二,4175,4486,4398,4434,3596,3955, 6.44, 6.04, 4.93, 5.29, 4.91, 6.21, 6.30, 5.50, 6.64, 5.57, 4.30, 6.13
2019-04-01,浜名湖,9,.31,.17,.17,,.05,,,,,.13,,.22,.17,,,,,,.06,,.19,.21,.13,,,,,.29,.23,.15,.39,,,,,,.22,,.00,.18,.19,,,,,.23,.22,.18,,.24,,,,,6,5,1,,2,,,,,4,,6,3,,,,,,1,,5,4,6,,,,,5,1,2,6,,,,,,6,,2,4,1,,,,,5,3,2,,5,,,,,6,5,1,,2,,,,,4,,6,3,,,,,,1,,5,4,6,,,,,5,1,2,6,,,,,,6,,2,4,1,,,,,4,3,2,,5,,,,,7,12,11,,5,,,,,10,,3,11,,,,,,5,,3,12,3,,,,,6,10,8,12,,,,,,11,,5,10,4,,,,,2,6,4,,1,,,,,５,４,１,,２,,,,,３,,３,４,,,,,,１,,４,５,３,,,,,１,１,１,３,,,,,,６,,４,５,２,,,,,４,５,４,,３,,,,,0.16,0.16,0.17,0.17,0.15,0.14, 24, 52, 11, 28, 38, 62, 38.68, 49.09, 37.50, 38.24, 30.97, 33.03, 51.89, 62.73, 52.68, 53.92, 46.02, 56.88, 39, 46, 43, 20, 38, 19, 39.73, 37.07, 37.61, 35.05, 32.11, 35.04, 54.91, 54.31, 54.70, 51.40, 44.95, 48.82,F0,F0,F0,F1,F0,F0,L0,L0,L0,L0,L0,L0,51.52,30.00,17.24,85.71, 0.00,25.00,42.17,45.99,31.19,43.40,53.52,18.81,72.73,35.00,44.83,00.00, 0.00,37.50,65.06,57.66,49.54,67.92,71.83,29.70,寺　本　　重　宣,林　　　　祐　介,内　野　　省　一,永　田　　秀　二,古　澤　　光　紀,田　中　　宏　樹,4086,4214,3666,4430,4522,4861, 7.15, 4.20, 4.31, 9.57, 0.00, 4.88, 6.19, 5.93, 4.84, 6.38, 6.85, 3.93
2019-04-01,蒲　郡,9,.16,,,,,,,,,.16,,,,,,,,,,,,,,,,,,,,,,,,,,,.43,,,,,,,,,,,,,,,,,,3,,,,,,,,,2,,,,,,,,,,,,,,,,,,,,,,,,,,,1,,,,,,,,,,,,,,,,,,3,,,,,,,,,4,,,,,,,,,,,,,,,,,,,,,,,,,,,1,,,,,,,,,,,,,,,,,,5,,,,,,,,,1,,,,,,,,,,,,,,,,,,,,,,,,,,,3,,,,,,,,,,,,,,,,,,５,,,,,,,,,３,,,,,,,,,,,,,,,,,,,,,,,,,,,６,,,,,,,,,,,,,,,,,,0.18,0.21,0.16,0.18,0.24,0.20, 48, 47, 46, 21, 58, 43, 34.90, 33.68, 29.08, 34.55, 35.60, 37.17, 53.65, 50.00, 47.52, 49.74, 50.26, 53.40, 68, 26, 76, 18, 39, 22, 31.25, 32.33, 33.18, 32.87, 35.65, 36.86, 47.60, 52.59, 51.82, 46.30, 54.17, 55.08,F0,F0,F0,F0,F1,F0,L0,L0,L0,L0,L0,L0,56.44,11.11,57.58,29.63, 0.00,33.33,57.81,29.11,59.46,26.67,25.32,40.91,76.24,33.33,69.70,59.26, 0.00,57.58,71.09,45.57,74.77,52.38,50.63,67.27,仲　口　　博　崇,赤　峰　　和　也,平　尾　　崇　典,中　村　　守　成,山　口　　修　路,蜷　川　　哲　平,3554,3471,3822,3605,4367,3902, 7.35, 3.78, 7.24, 5.33, 0.00, 5.73, 7.01, 4.73, 7.59, 5.18, 5.03, 6.06
2019-04-01,三　国,9,.15,,,,,,,,,.14,,,,,,,,,.26,,,,,,,,,,,,,,,,,,.18,,,,,,,,,,,,,,,,,,5,,,,,,,,,4,,,,,,,,,6,,,,,,,,,,,,,,,,,,2,,,,,,,,,,,,,,,,,,5,,,,,,,,,6,,,,,,,,,6,,,,,,,,,,,,,,,,,,3,,,,,,,,,,,,,,,,,,4,,,,,,,,,5,,,,,,,,,3,,,,,,,,,,,,,,,,,,1,,,,,,,,,,,,,,,,,,４,,,,,,,,,３,,,,,,,,,５,,,,,,,,,,,,,,,,,,４,,,,,,,,,,,,,,,,,,0.14,0.15,0.17,0.15,0.18,0.15, 14, 49, 22, 33, 13, 18,  0.00,  0.00,  0.00,  0.00,  0.00,  0.00,  0.00,  0.00,  0.00,  0.00,  0.00,  0.00, 12, 11, 19, 14, 28, 43,  0.00,  0.00,  0.00,  0.00,  0.00,  0.00,  0.00,  0.00,  0.00,  0.00,  0.00,  0.00,F0,F0,F0,F0,F0,F0,L0,L0,L0,L0,L0,L0,21.43, 0.00,30.00,28.89,10.53,31.25,38.38,40.68,20.83,37.30,20.48,35.90,42.86, 0.00,50.00,51.11,36.84,62.50,47.47,56.78,35.42,58.73,37.35,52.99,川　上　　昇　平,柳　生　　泰　二,本　岡　　勝　利,渡　部　　　　悟,浅　見　　宗　孝,鋤　柄　　貴　俊,3501,4361,4219,4572,3880,3934, 4.57, 0.00, 5.00, 5.31, 3.84, 5.47, 5.43, 6.09, 4.40, 5.69, 4.25, 5.26
2019-04-01,住之江,9,.24,,,,,,,,,,,,,,,,,,,,,,,,,,,.16,,,,,,,,,.18,,,,,,,,,.09,,,,,,,,,4,,,,,,,,,,,,,,,,,,,,,,,,,,,3,,,,,,,,,4,,,,,,,,,4,,,,,,,,,4,,,,,,,,,,,,,,,,,,,,,,,,,,,3,,,,,,,,,4,,,,,,,,,4,,,,,,,,,1,,,,,,,,,,,,,,,,,,,,,,,,,,,2,,,,,,,,,5,,,,,,,,,4,,,,,,,,,４,,,,,,,,,,,,,,,,,,,,,,,,,,,４,,,,,,,,,６,,,,,,,,,２,,,,,,,,,0.19,0.18,0.19,0.18,0.22,0.16, 88, 27, 34, 61, 26, 80, 28.57, 16.67, 16.67, 33.33, 21.43, 22.22, 57.14, 16.67, 33.33, 50.00, 50.00, 44.44, 52, 19, 38, 65, 14, 74, 28.57, 35.71, 21.43, 15.38,  7.69, 25.00, 42.86, 57.14, 21.43, 53.85, 15.38, 50.00,F0,F1,F0,F0,F1,F0,L0,L0,L0,L0,L0,L0,33.33,35.00,50.00,33.33, 0.00,60.00,38.98,33.33,24.77,42.42,28.57,48.28,55.56,50.00,50.00,33.33, 0.00,80.00,61.02,56.94,43.12,61.62,50.00,66.38,田　中　　孝　明,萬　　　　正　嗣,塩　崎　　優　司,坪　口　　竜　也,吉　田　　　　光,村　田　　修　次,4393,4177,3730,4553,3809,3826, 5.56, 5.05, 6.00, 3.67, 0.00, 7.50, 5.76, 5.60, 4.72, 5.94, 4.80, 6.62
2019-04-01,丸　亀,9,.19,.16,.31,,.18,.19,,,,.17,.14,.18,.04,.18,,,,,.17,.20,.19,.15,.12,,,,,.28,,.35,.38,.18,,.16,,,.25,.13,.17,.04,.09,,.17,,,.18,.08,.17,,.12,.12,,,,5,4,2,,3,5,,,,3,1,6,4,4,,,,,3,2,3,3,1,,,,,2,,3,6,1,,5,,,6,3,2,1,4,,2,,,1,4,4,,2,5,,,,6,4,2,,3,5,,,,3,1,6,4,5,,,,,6,2,5,3,1,,,,,2,,3,6,1,,5,,,6,3,2,1,4,,2,,,1,4,3,,2,5,,,,1,10,6,,4,12,,,,7,12,6,12,7,,,,,3,12,4,10,10,,,,,5,,2,8,4,,4,,,4,12,7,12,9,,5,,,5,11,7,,3,10,,,,３,１,４,,４,６,,,,１,１,３,３,１,,,,,５,６,４,２,１,,,,,６,,４,５,１,,２,,,５,２,３,１,４,,落,,,１,６,６,,６,６,,,,0.20,0.17,0.14,0.19,0.14,0.13, 57, 54, 52, 55, 25, 62, 33.55, 30.67, 32.89, 33.56, 26.00, 34.78, 48.68, 43.33, 47.37, 52.05, 44.00, 53.42, 35,  1, 19, 56, 36, 47, 44.71, 31.17, 22.08, 49.38, 26.58, 39.53, 64.71, 54.55, 35.06, 65.43, 41.77, 60.47,F0,F0,F0,F0,F0,F1,L0,L0,L0,L0,L0,L0,11.11,88.89,54.10,23.53,52.00,25.00,32.86,65.97,60.94,18.03,53.66,27.16,22.22,00.00,69.67,35.29,64.00,37.50,56.43,81.94,70.31,29.51,71.34,41.98,小　野　　勇　作,篠　崎　　元　志,中　岡　　正　彦,丸　山　　龍太郎,市　川　　哲　也,峰　重　　力　也,4006,4350,3849,4774,3499,4635, 3.78, 9.67, 6.90, 4.12, 7.20, 4.50, 5.31, 8.05, 7.09, 3.72, 7.23, 4.40
2019-04-01,芦　屋,9,.15,,,,,,,,,.12,,,,,,,,,.17,,,,,,,,,.18,,,,,,,,,.09,,,,,,,,,,,,,,,,,,5,,,,,,,,,6,,,,,,,,,4,,,,,,,,,1,,,,,,,,,2,,,,,,,,,,,,,,,,,,5,,,,,,,,,6,,,,,,,,,5,,,,,,,,,1,,,,,,,,,2,,,,,,,,,,,,,,,,,,1,,,,,,,,,6,,,,,,,,,5,,,,,,,,,3,,,,,,,,,4,,,,,,,,,,,,,,,,,,４,,,,,,,,,４,,,,,,,,,３,,,,,,,,,１,,,,,,,,,５,,,,,,,,,,,,,,,,,,0.17,0.18,0.20,0.19,0.21,0.18, 65, 57, 30, 15, 25, 35, 36.40, 33.48, 31.19, 36.28, 30.00, 34.39, 58.77, 49.57, 48.17, 49.12, 49.55, 55.66, 61, 14, 48, 17, 54, 18, 36.51, 40.30, 36.65, 35.03, 35.09, 37.04, 50.26, 55.72, 48.17, 52.28, 51.46, 62.43,F1,F0,F0,F0,F1,F0,L0,L0,L0,L0,L0,L0, 0.00,57.69,66.67,39.53,42.86,22.22,24.64,38.46,47.37,40.29,22.22,29.36, 0.00,61.54,83.33,53.49,42.86,38.89,47.83,57.69,57.89,52.52,37.04,47.71,喜多須　　杏　奈,香　川　　素　子,金　田　　幸　子,谷　川　　里　江,西　　　　茂登子,出　口　　舞有子,4714,3900,4065,3302,3142,4901, 0.00, 7.19, 7.83, 5.81, 4.57, 4.33, 5.00, 5.82, 5.97, 5.65, 3.94, 5.03
2019-04-01,戸　田,10,.13,,.19,.14,.22,.09,.13,,.14,.16,.18,.13,,.09,.17,.11,.21,.15,.20,.21,.12,,.12,.10,.22,,.10,.24,,.14,.15,.06,,.17,.06,.18,.06,.16,.30,,.10,.04,.22,,.14,.18,.28,.14,,.10,.06,.08,.19,.13,4,,2,1,2,2,3,,4,3,5,4,,2,1,4,1,5,3,5,6,,1,3,4,,2,5,,1,4,2,,6,3,4,4,6,5,,3,1,3,,2,3,6,2,,5,1,5,3,1,4,,2,1,6,5,3,,4,3,5,6,,2,1,4,1,5,3,5,6,,1,2,4,,2,5,,1,4,2,,6,3,3,4,6,5,,2,1,3,,2,3,6,2,,4,1,5,3,1,12,,3,7,6,11,5,,2,4,12,8,,5,12,2,11,4,1,9,4,,1,12,7,,4,5,,5,9,8,,6,12,6,2,8,10,,4,8,11,,3,5,10,9,,3,11,5,9,3,１,,１,１,３,３,４,,１,２,５,３,,２,１,２,２,６,６,２,３,,１,３,１,,１,２,,２,２,２,,６,３,４,２,４,４,,５,１,４,,２,４,４,４,,３,１,２,３,１,0.15,0.17,0.18,0.19,0.15,0.14, 70, 50, 67, 68, 59, 16, 34.72, 33.33, 22.79, 37.50, 21.90, 25.38, 55.56, 44.00, 43.38, 52.08, 38.69, 46.92, 61, 30, 10, 63, 16, 44, 28.10, 31.18, 34.46, 21.98, 32.85, 28.72, 44.63, 44.71, 51.41, 35.16, 50.36, 46.81,F0,F0,F0,F0,F0,F1,L0,L0,L0,L0,L0,L0,62.50, 0.00,33.33,40.00,50.00,60.00,54.42,52.68,28.57,33.86,47.52,55.64,75.00, 0.00,55.56,66.67,83.33,73.33,67.35,80.36,47.96,58.27,65.96,69.17,林　　　　美　憲,上　平　　真　二,森　岡　　真　希,柘　植　　政　浩,乙　藤　　智　史,松　下　　一　也,3743,3737,3802,4120,4402,4207, 7.56, 0.00, 5.33, 6.20, 7.50, 7.33, 6.85, 7.21, 4.72, 5.66, 6.66, 6.96
2019-04-01,浜名湖,10,.35,.15,.12,,,,,,,.27,.22,.22,,.12,,,,,.11,.14,.21,,.11,,,,,.11,.19,.08,,.19,,,,,.24,,.17,.18,.14,,,,,.21,,.15,.20,.20,,,,,3,3,1,,,,,,,1,4,5,,5,,,,,2,4,5,,1,,,,,3,5,1,,2,,,,,4,,6,3,2,,,,,3,,1,4,5,,,,,6,3,1,,,,,,,1,4,5,,6,,,,,2,4,5,,1,,,,,3,5,1,,2,,,,,4,,6,3,2,,,,,3,,1,4,5,,,,,3,10,7,,,,,,,7,11,8,,5,,,,,4,9,12,,3,,,,,4,10,5,,4,,,,,7,,7,12,2,,,,,12,,4,9,6,,,,,４,２,６,,,,,,,１,２,３,,４,,,,,３,２,６,,１,,,,,２,４,３,,５,,,,,３,,３,４,２,,,,,５,,１,３,５,,,,,0.12,0.16,0.16,0.15,0.18,0.15, 29, 73, 13, 43, 32, 65, 36.52, 26.96, 38.18, 26.80, 41.82, 32.46, 51.30, 40.00, 53.64, 45.36, 63.64, 49.12, 36, 60, 56, 61, 13, 64, 31.36, 39.92, 38.71, 38.79, 28.70, 28.11, 43.18, 60.92, 52.07, 57.33, 43.52, 43.78,F0,F1,F0,F1,F0,F1,L0,L0,L0,L0,L0,L0,50.00,46.32,22.22, 0.00,20.00,47.83,40.91,39.10,41.53,17.05,38.52,49.19,88.89,58.95,22.22, 0.00,20.00,56.52,63.64,56.39,55.08,42.05,60.66,69.35,藤　岡　　俊　介,原　　　　豊　土,和　田　　操　拓,高　岡　　竜　也,竹　田　　辰　也,小　坂　　尚　哉,4278,4131,4649,4950,4239,4295, 7.33, 6.05, 3.44, 1.83, 3.00, 6.22, 6.39, 5.62, 5.68, 4.31, 5.92, 6.65
2019-04-01,蒲　郡,10,,,,,,,,,,.26,,,,,,,,,.27,,,,,,,,,,,,,,,,,,.19,,,,,,,,,.21,,,,,,,,,,,,,,,,,,3,,,,,,,,,6,,,,,,,,,,,,,,,,,,4,,,,,,,,,5,,,,,,,,,,,,,,,,,,6,,,,,,,,,6,,,,,,,,,,,,,,,,,,3,,,,,,,,,3,,,,,,,,,,,,,,,,,,6,,,,,,,,,3,,,,,,,,,,,,,,,,,,1,,,,,,,,,4,,,,,,,,,,,,,,,,,,３,,,,,,,,,３,,,,,,,,,,,,,,,,,,２,,,,,,,,,３,,,,,,,,,0.18,0.17,0.19,0.16,0.19,0.17, 64, 41, 24, 50, 27, 65, 26.09, 36.59, 40.95, 30.23, 32.47, 38.58, 43.48, 53.66, 56.67, 46.51, 52.06, 55.84, 27, 49, 34, 11, 58, 29, 46.73, 28.78, 35.85, 37.02, 27.07, 36.15, 64.32, 44.88, 50.00, 50.48, 42.11, 50.23,F0,F0,F0,F0,F0,F1,L0,L0,L0,L0,L0,L0,27.27, 0.00,42.00,70.00,30.00,45.45,44.36,28.57,48.72,59.34,33.72,44.55,54.55,25.00,64.00,80.00,50.00,64.77,66.92,44.64,75.21,68.13,52.33,55.45,橋　本　　久　和,磯　村　　　　匠,繁野谷　　圭　介,中　村　　亮　太,天　野　　　　誠,吉　島　　祥　之,3475,4641,3915,4070,3787,4215, 5.64, 2.63, 6.00, 7.45, 5.10, 6.22, 6.41, 4.88, 6.84, 6.89, 5.22, 5.82
2019-04-01,三　国,10,.18,,,,,,,,,.24,,,,,,,,,.09,,,,,,,,,.16,,,,,,,,,.17,,,,,,,,,.16,,,,,,,,,3,,,,,,,,,5,,,,,,,,,2,,,,,,,,,3,,,,,,,,,4,,,,,,,,,4,,,,,,,,,3,,,,,,,,,5,,,,,,,,,2,,,,,,,,,3,,,,,,,,,2,,,,,,,,,4,,,,,,,,,5,,,,,,,,,3,,,,,,,,,6,,,,,,,,,4,,,,,,,,,1,,,,,,,,,2,,,,,,,,,４,,,,,,,,,６,,,,,,,,,４,,,,,,,,,２,,,,,,,,,３,,,,,,,,,６,,,,,,,,,0.12,0.17,0.13,0.15,0.16,0.15, 31, 32, 47, 42, 44, 19,  0.00,  0.00,  0.00,  0.00,  0.00,  0.00,  0.00,  0.00,  0.00,  0.00,  0.00,  0.00, 31, 61, 59, 57, 18, 52,  0.00,  0.00,  0.00,  0.00,  0.00,  0.00,  0.00,  0.00,  0.00,  0.00,  0.00,  0.00,F1,F0,F0,F0,F0,F1,L0,L0,L0,L0,L0,L0,50.00, 0.00,33.33,55.00, 0.00,25.00,32.50,44.86,38.71,48.25,29.13,28.38,65.87, 0.00,83.33,82.50,18.75,43.75,47.50,61.68,55.65,64.91,46.60,54.05,室　田　　泰　史,白　神　　　　優,伊　藤　　誠　二,濱　崎　　直　矢,片　岡　　秀　樹,古　賀　　智　之,3548,4713,3713,4230,4167,4789, 6.56, 0.00, 6.67, 7.35, 2.69, 5.00, 5.00, 6.07, 5.77, 6.33, 4.90, 4.93
2019-04-01,住之江,10,.19,,,,,,,,,.17,,,,,,,,,.12,,,,,,,,,.21,,,,,,,,,.07,,,,,,,,,,,,,,,,,,2,,,,,,,,,4,,,,,,,,,1,,,,,,,,,5,,,,,,,,,3,,,,,,,,,,,,,,,,,,2,,,,,,,,,6,,,,,,,,,1,,,,,,,,,5,,,,,,,,,3,,,,,,,,,,,,,,,,,,2,,,,,,,,,6,,,,,,,,,1,,,,,,,,,3,,,,,,,,,4,,,,,,,,,,,,,,,,,,３,,,,,,,,,３,,,,,,,,,１,,,,,,,,,６,,,,,,,,,３,,,,,,,,,,,,,,,,,,0.18,0.16,0.20,0.15,0.19,0.18, 25, 39, 35, 75, 85, 62, 28.57, 37.50,  0.00, 14.29, 14.29, 42.86, 28.57, 62.50, 30.00, 14.29, 14.29, 71.43, 21, 57, 84, 70, 54, 64, 13.33, 16.67,  0.00, 14.29, 28.57, 33.33, 26.67, 16.67,  0.00, 28.57, 71.43, 46.67,F0,F0,F0,F0,F0,F0,L0,L0,L0,L0,L0,L0,48.39,51.35,28.33, 0.00,31.82, 0.00,52.29,49.59,31.43,42.67,34.09,39.34,74.19,78.38,43.33, 0.00,40.91, 0.00,66.06,64.46,42.86,57.33,51.14,59.02,加　藤　　高　史,山　地　　正　樹,原　田　　智　和,丹　下　　　　将,堤　　　　啓　輔,松　尾　　　　祭,3445,3933,3607,4369,4778,4452, 6.48, 7.08, 4.87, 0.00, 4.41, 0.00, 6.38, 6.47, 4.86, 5.91, 5.01, 5.81
2019-04-01,丸　亀,10,.09,.14,.07,.21,.15,,.12,,,.19,,.25,.21,.09,,.21,,,.21,,.13,.11,.29,.15,,,,.36,,.19,.27,.13,.14,.17,,,.23,,.31,.17,.23,,.11,,,.32,,.19,.09,.15,,.24,,,2,1,6,5,3,,3,,,5,,4,6,3,,1,,,2,,1,4,5,5,,,,3,,4,1,5,6,2,,,1,,5,3,2,,4,,,1,,5,5,4,,2,,,2,1,6,5,3,,3,,,5,,4,6,3,,1,,,2,,1,4,6,5,,,,3,,4,1,5,6,2,,,1,,5,3,2,,4,,,1,,3,5,4,,2,,,6,11,3,9,10,,3,,,5,,1,9,6,,2,,,8,,5,10,7,11,,,,9,,6,11,4,11,6,,,2,,1,6,2,,1,,,9,,4,12,10,,4,,,３,３,４,４,３,,３,,,２,,６,５,３,,１,,,４,,３,５,２,６,,,,４,,５,１,２,４,１,,,２,,５,６,３,,２,,,６,,３,５,４,,６,,,0.15,0.17,0.16,0.18,0.18,0.16, 45, 22, 65,  3, 13, 34, 40.97, 35.33, 30.97, 34.52, 37.66, 36.02, 60.42, 54.00, 47.74, 54.17, 50.65, 49.69,  7, 21, 43, 55, 20, 17, 26.47, 19.74, 35.37, 27.85, 32.50, 36.62, 47.06, 36.84, 48.78, 49.37, 43.75, 56.34,F0,F0,F0,F0,F0,F0,L0,L0,L0,L0,L0,L0,60.87,44.44,22.22,58.82,17.17,29.17,49.66,13.40,31.51,42.06,17.17,51.49,82.61,55.56,44.44,64.71,38.38,50.00,68.71,35.05,38.36,57.94,36.36,63.37,松　村　　　　敏,萩　原　　知　哉,吉　原　　聖　人,樋　口　　　　亮,長谷川　　親　王,古　川　　誠　之,4236,4440,3516,3777,3660,3988, 7.30, 6.00, 4.17, 6.18, 4.14, 5.29, 6.69, 4.13, 4.62, 5.94, 4.26, 6.40
2019-04-01,芦　屋,10,.09,,,,,,,,,.14,,,,,,,,,.21,,,,,,,,,.19,,,,,,,,,.17,,,,,,,,,.05,,,,,,,,,3,,,,,,,,,3,,,,,,,,,1,,,,,,,,,2,,,,,,,,,1,,,,,,,,,3,,,,,,,,,3,,,,,,,,,3,,,,,,,,,1,,,,,,,,,2,,,,,,,,,1,,,,,,,,,3,,,,,,,,,4,,,,,,,,,6,,,,,,,,,2,,,,,,,,,3,,,,,,,,,5,,,,,,,,,1,,,,,,,,,２,,,,,,,,,３,,,,,,,,,１,,,,,,,,,３,,,,,,,,,４,,,,,,,,,２,,,,,,,,,0.18,0.19,0.18,0.22,0.18,0.17, 38, 69, 72, 37, 44, 75, 43.58, 40.35, 31.98, 31.84, 41.85, 33.33, 61.47, 60.96, 47.75, 48.88, 59.47, 49.33, 56,  3, 19, 44, 51, 12, 29.45, 39.39, 32.45, 41.83, 28.85, 35.90, 45.40, 53.54, 49.47, 58.65, 44.23, 49.74,F0,F1,F0,F0,F1,F1,L0,L0,L0,L0,L0,L0,52.38,33.33,48.15, 0.00,16.28,11.11,43.94,36.89,36.96,20.59,37.50,31.87,71.43,53.33,74.07, 0.00,51.16,44.44,69.70,62.14,58.70,32.35,63.64,48.35,魚　谷　　香　織,深　川　　麻奈美,樋　口　　由加里,芦　村　　幸　香,若　狭　　奈美子,西　橋　　奈　未,4347,4447,4501,4670,4373,4961, 6.67, 4.93, 7.04, 0.00, 4.58, 4.56, 6.20, 5.78, 5.68, 4.21, 5.92, 5.03
2019-04-01,戸　田,11,.11,.17,.17,,.13,.12,.11,.06,.11,.29,,.10,.13,.11,,.19,.21,.09,.10,.12,.20,,.06,.14,.14,,.07,.27,.02,.10,,.20,.05,.17,,.13,.19,.07,.13,,.12,.12,.14,,.11,.12,.08,.09,,.09,.16,.22,,.12,3,6,5,,2,1,4,1,6,1,,5,2,3,,2,4,5,5,2,4,,1,3,6,,4,5,1,6,,3,5,2,,2,1,1,3,,4,4,2,,1,2,5,3,,1,6,6,,1,3,6,5,,2,1,4,1,6,1,,5,2,3,,2,4,6,5,2,4,,1,3,6,,4,5,1,6,,3,4,2,,2,1,2,3,,6,4,5,,1,2,5,3,,1,4,6,,1,6,12,9,,3,7,8,12,4,11,,4,8,5,,6,11,5,3,10,2,,5,10,8,,3,1,6,11,,7,11,11,,2,5,9,12,,3,9,3,,4,2,6,1,,4,12,11,,6,１,６,３,,１,１,１,１,５,２,,２,２,３,,３,１,４,３,１,２,,１,４,４,,５,２,２,４,,２,６,３,,３,６,１,２,,４,５,２,,３,５,４,１,,３,４,６,,２,0.15,0.16,0.18,0.15,0.16,0.19, 32, 53, 21, 73, 24, 39, 29.87, 27.89, 35.44, 31.08, 35.95, 34.44, 53.90, 44.22, 49.37, 46.62, 46.41, 49.01, 46, 12, 13,  7, 43, 53, 29.51, 31.41, 26.49, 43.14, 31.30, 34.52, 52.46, 47.64, 41.06, 59.48, 42.75, 51.79,F0,F0,F0,F0,F0,F0,L0,L0,L0,L0,L0,L0,68.42,47.57,37.50,42.86,81.25,11.76,48.34,42.86,44.25,25.00,55.64,25.64,86.84,67.96,41.67,42.86,87.50,47.06,72.19,59.86,61.49,35.00,70.68,53.85,中　野　　次　郎,島　田　　賢　人,川　上　　　　剛,秋　元　　　　誠,今　井　　美　亜,寺　本　　昇　平,4075,4505,4189,3781,4611,3947, 8.05, 6.40, 5.13, 5.29, 8.75, 4.65, 7.38, 5.95, 6.28, 4.21, 6.93, 5.37
2019-04-01,浜名湖,11,.18,.10,.02,.13,,,,,,.06,.09,.17,,.19,,,,,.25,.13,.28,,.08,,,,,.12,,.16,.15,.09,,,,,.22,,.13,.14,.14,,,,,.04,.13,.15,,.16,,,,,3,5,3,2,,,,,,1,4,4,,3,,,,,1,1,5,,1,,,,,3,,3,5,1,,,,,6,,3,4,1,,,,,1,4,4,,2,,,,,3,6,4,2,,,,,,1,5,4,,3,,,,,4,2,5,,1,,,,,3,,2,6,1,,,,,6,,3,4,1,,,,,1,4,3,,2,,,,,2,8,5,12,,,,,,1,8,4,,4,,,,,3,8,9,,5,,,,,9,,2,10,7,,,,,6,,4,11,2,,,,,4,12,7,,6,,,,,１,２,１,１,,,,,,１,３,３,,１,,,,,２,４,５,,１,,,,,３,,１,４,１,,,,,４,,２,２,１,,,,,１,６,１,,１,,,,,0.15,0.17,0.15,0.19,0.15,0.15, 17, 18, 50, 34, 76, 45, 44.64, 24.04, 22.12, 25.51, 26.51, 29.55, 59.82, 41.35, 40.71, 40.82, 42.17, 46.59, 52, 33, 65,  9, 48, 66, 27.62, 39.67, 35.34, 28.79, 44.49, 35.09, 45.71, 57.44, 51.29, 46.46, 61.44, 49.56,F0,F0,F0,F0,F0,F1,L0,L0,L0,L0,L0,L0,50.00,35.11,37.50,47.37,22.22,31.25,36.17,31.09,44.37,40.50,33.33,47.52,87.50,47.87,62.50,73.68,44.44,43.75,53.19,49.58,59.86,66.12,50.54,61.39,横　田　　　　茂,伊　達　　正　利,木　村　　仁　紀,赤　羽　　克　也,向井田　　佑　紀,金　子　　賢　志,3615,3718,4743,4191,4811,4539, 7.25, 5.03, 5.75, 6.84, 4.67, 5.00, 5.52, 5.08, 6.10, 6.19, 5.01, 6.14
2019-04-01,蒲　郡,11,.33,,,,,,,,,.22,,,,,,,,,.23,,,,,,,,,.19,,,,,,,,,.19,,,,,,,,,.21,,,,,,,,,3,,,,,,,,,2,,,,,,,,,5,,,,,,,,,1,,,,,,,,,1,,,,,,,,,4,,,,,,,,,3,,,,,,,,,6,,,,,,,,,5,,,,,,,,,1,,,,,,,,,1,,,,,,,,,4,,,,,,,,,3,,,,,,,,,4,,,,,,,,,6,,,,,,,,,5,,,,,,,,,7,,,,,,,,,2,,,,,,,,,２,,,,,,,,,１,,,,,,,,,４,,,,,,,,,１,,,,,,,,,１,,,,,,,,,４,,,,,,,,,0.18,0.21,0.16,0.13,0.18,0.20, 20, 54, 17, 51, 52, 55, 22.83, 31.53, 24.73, 34.74, 36.97, 33.33, 42.93, 49.75, 38.71, 53.05, 51.66, 47.76, 70, 33, 77, 36, 60, 45, 28.70, 54.29, 30.94, 35.16, 38.57, 33.93, 49.33, 70.00, 48.43, 50.68, 58.10, 54.46,F0,F0,F0,F1,F0,F0,L0,L0,L0,L0,L0,L0,33.33,44.44,33.33,50.00, 0.00,20.00,49.00,34.41,34.34,54.74,48.03,17.07,53.33,55.56,55.56,60.00, 0.00,36.00,63.00,54.84,56.57,63.16,70.08,39.02,横　澤　　剛　治,竹　村　　祥　司,武　重　　雄　介,三　浦　　敬　太,丸　尾　　義　孝,飯　島　　　　誠,3956,3485,4263,4702,3333,4031, 5.93, 5.67, 5.56, 7.00, 0.00, 4.60, 6.77, 5.47, 5.71, 6.72, 6.46, 3.93
2019-04-01,三　国,11,.13,,,,,,,,,.12,,,,,,,,,.17,,,,,,,,,.12,,,,,,,,,.16,,,,,,,,,.18,,,,,,,,,4,,,,,,,,,4,,,,,,,,,6,,,,,,,,,1,,,,,,,,,3,,,,,,,,,2,,,,,,,,,4,,,,,,,,,4,,,,,,,,,6,,,,,,,,,1,,,,,,,,,3,,,,,,,,,2,,,,,,,,,7,,,,,,,,,6,,,,,,,,,4,,,,,,,,,3,,,,,,,,,2,,,,,,,,,5,,,,,,,,,３,,,,,,,,,２,,,,,,,,,５,,,,,,,,,１,,,,,,,,,３,,,,,,,,,１,,,,,,,,,0.16,0.14,0.15,0.14,0.18,0.15, 50, 12, 45, 15, 24, 29,  0.00,  0.00,  0.00,  0.00,  0.00,  0.00,  0.00,  0.00,  0.00,  0.00,  0.00,  0.00, 32, 48, 27, 24, 13, 49,  0.00,  0.00,  0.00,  0.00,  0.00,  0.00,  0.00,  0.00,  0.00,  0.00,  0.00,  0.00,F0,F1,F0,F0,F0,F0,L0,L0,L0,L0,L0,L0,62.07, 0.00,21.21,47.22,27.27,57.89,39.76,42.70,43.81,47.93,25.00,47.41,82.76, 0.00,45.45,69.44,39.39,63.16,59.04,57.30,60.00,57.02,43.48,63.79,西　村　　　　勝,小　林　　　　泰,杢　野　　誓　良,出　畑　　孝　典,吉　永　　浩　則,村　上　　　　遼,3589,4401,3929,4079,4047,4715, 7.48, 0.00, 4.85, 6.86, 5.00, 6.74, 5.65, 5.83, 5.95, 6.00, 4.46, 6.24
2019-04-01,住之江,11,.16,,,,,,,,,,,,,,,,,,.18,,,,,,,,,.11,,,,,,,,,.17,,,,,,,,,.10,,,,,,,,,5,,,,,,,,,,,,,,,,,,2,,,,,,,,,5,,,,,,,,,5,,,,,,,,,4,,,,,,,,,5,,,,,,,,,,,,,,,,,,2,,,,,,,,,5,,,,,,,,,4,,,,,,,,,4,,,,,,,,,7,,,,,,,,,,,,,,,,,,5,,,,,,,,,4,,,,,,,,,6,,,,,,,,,2,,,,,,,,,３,,,,,,,,,,,,,,,,,,１,,,,,,,,,４,,,,,,,,,５,,,,,,,,,２,,,,,,,,,0.17,0.18,0.19,0.17,0.16,0.15, 78, 68, 28, 63, 87, 36, 25.00, 27.27,  7.69, 16.67, 25.00, 21.43, 37.50, 36.36, 15.38, 33.33, 37.50, 35.71, 82, 86, 87, 73, 51, 53, 14.29, 37.50, 42.86, 44.44, 15.38,  7.69, 14.29, 75.00, 42.86, 55.56, 30.77, 46.15,F0,F0,F1,F0,F1,F0,L0,L0,L0,L0,L0,L0,44.44,35.29,33.33,88.89,11.76,28.57,37.14,29.92,40.34,38.98,21.95,38.84,88.89,57.65,50.00,00.00,23.53,42.86,53.33,45.67,61.34,62.71,30.49,67.77,渡　邉　　睦　広,新　田　　智　彰,末　永　　由　楽,郷　原　　章　平,大　谷　　健　太,天　野　　晶　夫,3385,3882,4441,4193,4836,3621, 6.78, 5.60, 5.33, 9.44, 3.29, 4.71, 5.49, 4.98, 5.81, 5.92, 4.15, 6.32
2019-04-01,丸　亀,11,.08,.15,.26,,.22,.11,.21,,,.23,,.16,.19,.10,.16,.14,,,.06,,.08,.09,.10,,.21,,,.24,,.28,.27,.10,,.11,,,.21,.14,.25,,.28,.19,.20,,,.17,.09,.08,,.13,,.09,,,5,5,2,,3,1,4,,,5,,4,4,1,2,3,,,4,,5,2,6,,1,,,5,,3,2,1,,6,,,6,3,2,,4,1,3,,,6,3,2,,1,,3,,,6,5,2,,4,1,4,,,5,,6,4,1,2,3,,,4,,5,2,6,,1,,,5,,3,2,1,,6,,,6,3,2,,4,1,3,,,5,3,2,,1,,3,,,6,12,9,,7,12,4,,,9,,4,11,8,12,6,,,6,,3,12,6,,5,,,4,,3,11,9,,3,,,7,11,8,,5,11,7,,,3,10,10,,5,,1,,,１,３,２,,３,１,４,,,５,,２,４,１,２,２,,,５,,３,６,６,,１,,,１,,２,３,５,,５,,,６,４,１,,３,２,１,,,２,６,６,,２,,５,,,0.13,0.13,0.17,0.19,0.18,0.15, 64, 14, 29, 66, 40, 51, 40.00, 36.13, 30.07, 35.86, 32.65, 45.03, 58.71, 53.55, 49.67, 48.97, 48.30, 61.59, 14,  8, 34, 33, 61,  5, 37.50, 26.58, 24.36, 30.00, 15.25, 20.34, 51.25, 46.84, 38.46, 58.57, 27.12, 32.20,F1,F1,F0,F0,F0,F0,L0,L0,L0,L0,L0,L0,85.71, 0.00, 0.00,40.00,62.50,20.00,49.67,46.55,30.53,39.44,59.06,44.29,85.71, 0.00, 0.00,80.00,87.50,30.00,65.56,64.66,47.37,55.63,77.78,58.57,深　谷　　知　博,中　辻　　崇　人,北　川　　太　一,金　子　　貴　志,岡　田　　憲　行,青　木　　幸太郎,4524,3876,4718,3814,3872,4314, 9.00, 0.00, 0.00, 6.80, 7.75, 4.40, 6.92, 6.59, 4.93, 5.85, 7.17, 5.82
2019-04-01,芦　屋,11,.19,,,,,,,,,.14,,,,,,,,,.04,,,,,,,,,.12,,,,,,,,,.09,,,,,,,,,.23,,,,,,,,,5,,,,,,,,,3,,,,,,,,,4,,,,,,,,,1,,,,,,,,,2,,,,,,,,,5,,,,,,,,,5,,,,,,,,,4,,,,,,,,,4,,,,,,,,,1,,,,,,,,,2,,,,,,,,,5,,,,,,,,,3,,,,,,,,,5,,,,,,,,,4,,,,,,,,,8,,,,,,,,,6,,,,,,,,,7,,,,,,,,,５,,,,,,,,,２,,,,,,,,,３,,,,,,,,,４,,,,,,,,,２,,,,,,,,,５,,,,,,,,,0.21,0.16,0.15,0.18,0.14,0.18, 60, 53, 42, 39, 51, 27, 45.74, 41.04, 39.65, 33.48, 34.68, 37.10, 60.99, 55.66, 58.59, 51.79, 53.15, 52.04, 55,  2, 35, 45, 33, 32, 28.73, 38.69, 37.17, 40.38, 30.10, 42.64, 48.07, 62.81, 54.45, 57.21, 46.94, 59.90,F1,F0,F0,F0,F0,F0,L0,L0,L0,L0,L0,L0,37.04,41.18,51.85,58.33,40.00, 0.00,33.33,23.88,42.98,40.71,45.54,20.63,51.85,55.88,64.81,75.00,46.67, 0.00,48.96,43.28,57.89,53.10,59.82,34.92,角　　　　ひとみ,池　田　　浩　美,宇　野　　弥　生,五反田　　　　忍,岸　　　　恵　子,渡　邉　　真奈美,3334,3932,4183,3801,3674,4893, 5.59, 5.53, 6.61, 7.11, 6.60, 2.20, 4.99, 4.37, 6.04, 5.56, 6.23, 3.97
2019-04-01,戸　田,12,.11,.16,.13,,.07,.13,.15,.21,.13,.11,.20,.20,,.14,.08,.15,.10,.15,.04,.27,.21,,.08,.12,.35,,.12,.24,,.09,.14,.09,,.07,.07,.19,.24,.21,.20,,.21,.05,.12,.27,.24,.09,.17,.11,,.19,.05,.11,,.17,1,2,1,,2,2,2,1,2,2,1,3,,4,6,2,6,4,5,2,5,,4,4,1,,3,1,,3,2,4,,4,6,2,2,5,1,,5,6,4,4,1,4,6,3,,6,2,1,,1,1,2,5,,6,3,4,1,6,2,1,3,,4,6,2,5,4,5,2,6,,3,4,1,,2,1,,3,2,5,,4,6,2,2,5,1,,4,6,3,4,1,4,6,3,,5,2,1,,1,7,12,11,,4,9,4,10,6,8,12,10,,2,10,5,10,5,7,11,6,,6,10,5,,6,4,,5,10,12,,5,12,8,5,11,6,,4,11,3,9,7,3,11,8,,4,10,9,,8,１,２,１,,１,２,１,４,１,２,３,２,,１,６,１,３,２,２,５,１,,１,２,３,,３,１,,３,３,５,,５,２,１,３,１,２,,４,４,４,５,１,４,４,４,,６,３,２,,２,0.14,0.15,0.16,0.16,0.19,0.17, 54, 38, 35, 75, 60, 58, 35.71, 34.59, 38.16, 35.76, 28.67, 28.37, 55.84, 54.09, 53.29, 54.30, 46.15, 43.97, 52,  4, 41, 60, 20,  5, 32.72, 28.97, 30.67, 29.63, 28.26, 36.17, 52.47, 42.76, 48.47, 46.30, 46.38, 58.51,F1,F0,F0,F0,F0,F0,L0,L0,L0,L0,L0,L0,57.14,36.00,41.67,43.48,38.89,52.08,56.60,53.57,29.91,45.10,46.39,32.67,80.95,48.00,50.00,56.52,55.56,62.50,71.70,70.71,53.27,65.69,67.01,51.49,今　村　　暢　孝,萩　原　　秀　人,伊　藤　　喜　智,山　崎　　哲　司,荻　野　　裕　介,上　田　　洋　平,3265,4061,4389,4080,4085,3896, 7.24, 5.92, 5.08, 5.87, 5.56, 5.96, 6.80, 7.24, 5.09, 6.19, 6.40, 5.22
2019-04-01,浜名湖,12,.16,,.14,.15,.09,,,,,.43,,.14,.31,.16,,,,,.23,,.22,.08,.11,,,,,.21,.13,.10,,.10,,,,,.11,.18,.25,.23,,,,,,.19,.15,.21,,.22,,,,,6,,3,1,2,,,,,2,,4,4,6,,,,,2,,4,1,5,,,,,4,5,6,,3,,,,,3,1,3,3,,,,,,4,2,1,,3,,,,,6,,3,1,4,,,,,1,,4,3,5,,,,,2,,4,1,6,,,,,2,5,6,,3,,,,,4,1,6,3,,,,,,4,2,1,,3,,,,,12,,3,8,7,,,,,3,,2,6,5,,,,,6,,3,9,8,,,,,3,9,5,,3,,,,,8,12,6,10,,,,,,6,11,10,,6,,,,,３,,２,２,３,,,,,３,,２,２,５,,,,,３,,１,１,３,,,,,１,６,２,,５,,,,,１,１,１,２,,,,,,２,３,１,,２,,,,,0.14,0.17,0.14,0.15,0.14,0.16, 14, 40, 21, 54, 68, 39, 37.96, 40.78, 30.53, 29.81, 45.54, 30.43, 51.85, 56.31, 43.16, 44.23, 61.61, 43.48, 17, 44, 59, 55, 35, 29, 30.52, 36.32, 37.27, 31.39, 41.33, 48.48, 44.13, 58.55, 52.73, 52.02, 60.00, 67.10,F1,F1,F0,F0,F1,F0,L0,L0,L0,L0,L0,L0,47.06, 0.00,37.50,42.86,00.00,29.41,47.58,32.32,49.32,44.80,71.07,32.50,70.59, 0.00,71.88,57.14,00.00,41.18,64.52,55.56,69.86,61.60,83.47,54.17,奈　須　　啓　太,山　下　　流　心,山　田　　雄　太,稗　田　　聖　也,山　口　　達　也,藤　本　　佳　史,4330,4872,4150,4506,4370,3350, 6.50, 0.00, 6.47, 6.29, 9.89, 5.12, 6.31, 5.25, 6.58, 6.00, 7.99, 5.48
2019-04-01,蒲　郡,12,.19,,,,,,,,,.15,,,,,,,,,.26,,,,,,,,,.18,,,,,,,,,.17,,,,,,,,,.17,,,,,,,,,3,,,,,,,,,1,,,,,,,,,4,,,,,,,,,6,,,,,,,,,2,,,,,,,,,4,,,,,,,,,3,,,,,,,,,1,,,,,,,,,5,,,,,,,,,6,,,,,,,,,2,,,,,,,,,4,,,,,,,,,9,,,,,,,,,8,,,,,,,,,4,,,,,,,,,5,,,,,,,,,6,,,,,,,,,7,,,,,,,,,１,,,,,,,,,１,,,,,,,,,４,,,,,,,,,３,,,,,,,,,２,,,,,,,,,３,,,,,,,,,0.16,0.16,0.15,0.15,0.16,0.15, 46, 30, 35, 61, 22, 59, 29.08, 35.47, 33.64, 33.33, 31.11, 38.31, 47.52, 52.71, 53.74, 49.49, 47.56, 51.74, 76, 40, 14, 48, 13, 19, 33.18, 47.25, 33.82, 43.19, 30.11, 42.64, 51.82, 61.01, 53.92, 57.75, 41.94, 58.88,F0,F0,F0,F0,F0,F1,L0,L0,L0,L0,L0,L0,57.58,77.78,50.00,31.03,50.00,46.43,59.46,57.03,56.52,47.00,48.39,43.62,69.70,88.89,77.27,44.83,60.00,60.71,74.77,75.00,76.52,58.00,66.13,59.57,平　尾　　崇　典,大　場　　　　敏,中　澤　　和　志,石　田　　政　吾,松　本　　勝　也,荒　井　　輝　年,3822,3489,3952,3635,3529,3685, 7.24, 8.22, 7.23, 5.66, 6.20, 6.36, 7.59, 7.15, 6.99, 6.31, 6.48, 6.22
2019-04-01,三　国,12,.14,,,,,,,,,.13,,,,,,,,,.17,,,,,,,,,.17,,,,,,,,,.13,,,,,,,,,.12,,,,,,,,,3,,,,,,,,,5,,,,,,,,,1,,,,,,,,,2,,,,,,,,,1,,,,,,,,,3,,,,,,,,,3,,,,,,,,,6,,,,,,,,,1,,,,,,,,,2,,,,,,,,,1,,,,,,,,,3,,,,,,,,,8,,,,,,,,,6,,,,,,,,,4,,,,,,,,,2,,,,,,,,,1,,,,,,,,,3,,,,,,,,,３,,,,,,,,,３,,,,,,,,,エ,,,,,,,,,２,,,,,,,,,１,,,,,,,,,２,,,,,,,,,0.15,0.14,0.12,0.14,0.14,0.13, 38, 35, 26, 11, 43, 39,  0.00,  0.00,  0.00,  0.00,  0.00,  0.00,  0.00,  0.00,  0.00,  0.00,  0.00,  0.00, 54, 23, 44, 15, 63, 47,  0.00,  0.00,  0.00,  0.00,  0.00,  0.00,  0.00,  0.00,  0.00,  0.00,  0.00,  0.00,F0,F0,F1,F1,F0,F0,L0,L0,L0,L0,L0,L0,54.05,65.52,51.56,60.00,60.00,50.00,48.72,50.00,45.71,37.36,44.34,40.26,62.16,86.21,72.66,80.00,66.67,65.63,70.09,63.93,64.76,53.85,66.98,54.55,木　下　　翔　太,島　川　　光　男,中　辻　　博　訓,飯　山　　　　泰,森　高　　一　真,椎　名　　　　豊,4659,3158,3833,3940,4030,4787, 7.27, 7.86, 6.94, 7.00, 7.20, 6.38, 7.20, 6.35, 6.22, 5.75, 6.59, 6.05
2019-04-01,住之江,12,.27,,,,,,,,,.22,,,,,,,,,.11,,,,,,,,,.20,,,,,,,,,.14,,,,,,,,,.22,,,,,,,,,3,,,,,,,,,4,,,,,,,,,2,,,,,,,,,2,,,,,,,,,1,,,,,,,,,3,,,,,,,,,3,,,,,,,,,4,,,,,,,,,2,,,,,,,,,2,,,,,,,,,1,,,,,,,,,3,,,,,,,,,7,,,,,,,,,8,,,,,,,,,4,,,,,,,,,6,,,,,,,,,5,,,,,,,,,3,,,,,,,,,１,,,,,,,,,５,,,,,,,,,１,,,,,,,,,１,,,,,,,,,３,,,,,,,,,１,,,,,,,,,0.15,0.18,0.16,0.14,0.16,0.16, 86, 21, 93, 54, 12, 38, 22.22, 20.00,  0.00, 28.57,  7.69, 28.57, 88.89, 33.33, 28.57, 85.71, 23.08, 57.14, 85, 12, 17, 36, 18, 60, 25.00, 35.71, 33.33, 28.57,  7.69, 26.67, 62.50, 42.86, 50.00, 42.86, 30.77, 53.33,F0,F0,F0,F0,F0,F0,L0,L0,L0,L0,L0,L0,63.16,41.94,42.99,50.00,11.11,36.84,66.36,46.09,54.13,52.59,45.83,56.88,78.95,64.52,59.81,65.79,33.33,63.16,82.73,73.04,67.89,61.21,63.33,68.81,辻　　　　栄　蔵,明　石　　正　之,渡　邊　　雄一郎,服　部　　幸　男,山　本　　英　志,石　塚　　久　也,3719,3828,4184,3422,3888,4144, 8.21, 6.29, 6.35, 6.76, 4.22, 5.95, 8.02, 6.70, 6.88, 6.57, 6.20, 6.81
2019-04-01,丸　亀,12,.17,.14,.18,.04,.18,,.18,,,.16,.18,.12,,.13,.18,.24,,,.15,,.36,.26,.12,,.07,,,.14,,.01,.08,.13,.18,.26,,,.14,,.03,.25,.14,.09,.21,,,.13,.16,.15,,.06,,.26,,,3,1,6,4,4,,2,,,1,4,3,,6,2,3,,,2,,6,5,4,,1,,,4,,3,6,5,2,1,,,1,,4,6,3,2,4,,,1,2,4,,3,,5,,,3,1,6,4,5,,2,,,1,4,5,,6,2,3,,,2,,6,5,4,,1,,,4,,3,6,5,2,1,,,1,,4,6,3,2,4,,,1,2,4,,3,,5,,,7,12,6,12,7,,9,,,8,12,7,,4,10,4,,,7,,1,11,8,,1,,,7,,5,12,6,11,8,,,10,,5,11,5,9,5,,,1,11,8,,9,,6,,,１,１,３,３,１,,１,,,１,５,１,,３,２,３,,,３,,３,２,４,,１,,,２,,１,４,２,１,１,,,３,,２,５,１,３,不,,,１,２,３,,１,,３,,,0.17,0.17,0.21,0.15,0.15,0.19, 54, 28, 56, 32,  1, 35, 30.67, 31.47, 36.18, 32.70, 34.00, 42.11, 43.33, 52.45, 49.34, 51.57, 48.67, 55.64,  1, 62, 26, 45, 32, 51, 31.17, 24.29, 31.65, 40.00, 19.72, 39.76, 54.55, 34.29, 46.84, 51.25, 39.44, 59.04,F0,F0,F0,F0,F0,F0,L0,L0,L0,L0,L0,L0,88.89,48.08,44.83,54.55,40.00,38.76,65.97,34.65,39.35,56.72,49.57,38.10,00.00,65.38,79.31,72.73,80.00,66.67,81.94,60.40,65.16,67.16,68.70,64.63,篠　崎　　元　志,田　中　　　　豪,杉　田　　篤　光,高　橋　　正　男,妹　尾　　忠　幸,小野寺　　智　洋,4350,3792,4076,4133,4089,3975, 9.67, 6.29, 6.97, 6.45, 6.40, 6.04, 8.05, 5.67, 6.10, 6.71, 6.70, 5.94
2019-04-01,芦　屋,12,.11,,,,,,,,,.19,,,,,,,,,.12,,,,,,,,,.27,,,,,,,,,.01,,,,,,,,,.16,,,,,,,,,3,,,,,,,,,4,,,,,,,,,4,,,,,,,,,1,,,,,,,,,1,,,,,,,,,2,,,,,,,,,3,,,,,,,,,4,,,,,,,,,4,,,,,,,,,1,,,,,,,,,1,,,,,,,,,2,,,,,,,,,3,,,,,,,,,2,,,,,,,,,8,,,,,,,,,4,,,,,,,,,1,,,,,,,,,5,,,,,,,,,２,,,,,,,,,５,,,,,,,,,１,,,,,,,,,１,,,,,,,,,Ｆ,,,,,,,,,１,,,,,,,,,0.15,0.18,0.17,0.20,0.16,0.19, 74, 67, 52, 68, 64, 21, 40.63, 40.35, 32.02, 35.71, 30.14, 38.30, 59.82, 56.58, 50.44, 54.46, 44.29, 58.30, 34, 43, 42, 13, 27, 39, 37.56, 42.45, 46.37, 34.98, 36.61, 32.81, 54.31, 61.79, 61.45, 56.65, 52.46, 56.77,F0,F2,F0,F0,F0,F0,L0,L0,L0,L0,L0,L0,44.83,56.25,54.35,59.26,42.42,31.58,50.76,44.30,48.92,55.14,34.67,44.44,62.07,79.69,69.57,77.78,51.52,42.11,68.94,67.09,64.75,72.90,46.67,64.65,大　山　　千　広,中　谷　　朋　子,日　高　　逸　子,田　口　　節　子,藤　崎　　小百合,廣　中　　智紗衣,4885,3845,3188,4050,4304,4117, 6.01, 7.48, 7.26, 7.33, 6.09, 5.16, 6.77, 6.44, 6.58, 7.12, 5.41, 6.49
